-- --------------------------------------------------------
-- Servidor:                     127.0.0.1
-- Versão do servidor:           5.7.24 - MySQL Community Server (GPL)
-- OS do Servidor:               Win64
-- HeidiSQL Versão:              9.3.0.4984
-- --------------------------------------------------------

/*!40101 SET @OLD_CHARACTER_SET_CLIENT=@@CHARACTER_SET_CLIENT */;
/*!40101 SET NAMES utf8mb4 */;
/*!40014 SET @OLD_FOREIGN_KEY_CHECKS=@@FOREIGN_KEY_CHECKS, FOREIGN_KEY_CHECKS=0 */;
/*!40101 SET @OLD_SQL_MODE=@@SQL_MODE, SQL_MODE='NO_AUTO_VALUE_ON_ZERO' */;

-- Copiando estrutura do banco de dados para patrimonio2
DROP DATABASE IF EXISTS `patrimonio2`;
CREATE DATABASE IF NOT EXISTS `patrimonio2` /*!40100 DEFAULT CHARACTER SET utf8 */;
USE `patrimonio2`;


-- Copiando estrutura para tabela patrimonio2.bem
DROP TABLE IF EXISTS `bem`;
CREATE TABLE IF NOT EXISTS `bem` (
  `idbem` int(11) NOT NULL AUTO_INCREMENT,
  `nr_inventario` int(11) DEFAULT NULL,
  `identificacao` varchar(45) DEFAULT NULL,
  `dt_cadbem` date DEFAULT NULL,
  `operacao` char(1) DEFAULT NULL,
  `situacao` char(1) DEFAULT NULL,
  `observacao` mediumtext,
  `qtde` int(11) DEFAULT NULL,
  `idusuario` int(11) NOT NULL,
  `idcod_class` int(11) NOT NULL,
  `idhistorico` int(11) NOT NULL,
  PRIMARY KEY (`idbem`),
  KEY `bem_ibfk_1` (`idusuario`),
  KEY `bem_ibfk_3` (`idhistorico`),
  KEY `idcod_class` (`idcod_class`),
  CONSTRAINT `bem_ibfk_1` FOREIGN KEY (`idusuario`) REFERENCES `usuario` (`idusuario`) ON DELETE CASCADE ON UPDATE CASCADE,
  CONSTRAINT `bem_ibfk_3` FOREIGN KEY (`idhistorico`) REFERENCES `historico` (`idhistorico`) ON DELETE CASCADE ON UPDATE CASCADE,
  CONSTRAINT `bem_ibfk_4` FOREIGN KEY (`idcod_class`) REFERENCES `cod_class` (`idcod_class`)
) ENGINE=InnoDB AUTO_INCREMENT=31 DEFAULT CHARSET=utf8;

-- Copiando dados para a tabela patrimonio2.bem: ~24 rows (aproximadamente)
/*!40000 ALTER TABLE `bem` DISABLE KEYS */;
INSERT INTO `bem` (`idbem`, `nr_inventario`, `identificacao`, `dt_cadbem`, `operacao`, `situacao`, `observacao`, `qtde`, `idusuario`, `idcod_class`, `idhistorico`) VALUES
	(1, 1244, 'Quadro Branco', '2010-08-10', '1', '3', 'Compra realizada junto a empresa X para substituição de quadro com defeito', 1, 1, 235, 1),
	(2, 2545, 'Quadro Branco', '2010-08-11', '1', '1', 'Compra realizada junto a empresa X para substituição de quadro com defeito', 1, 1, 235, 2),
	(3, 3458, 'Quadro Branco', '2010-08-12', '1', '1', 'Compra realizada junto a empresa X para substituição de quadro com defeito', 1, 1, 235, 3),
	(4, 4478, 'Cadeira', '2012-05-18', '3', '1', 'Doação feita pela empresa Y para incorporação no patrimônio', 1, 1, 219, 4),
	(5, 5667, 'Cadeira', '2012-05-18', '3', '1', 'Doação feita pela empresa Y para incorporação no patrimônio', 1, 2, 219, 5),
	(6, 6885, 'Cadeira', '2012-05-18', '3', '1', 'Doação feita pela empresa Y para incorporação no patrimônio', 1, 2, 219, 6),
	(7, 7664, 'Mesa', '2011-01-01', '1', '3', 'Compra realizada junto a empresa A para substituição de mesas com defeito', 1, 1, 228, 7),
	(8, 8424, 'Mesa', '2011-01-01', '1', '3', 'Compra realizada junto a empresa A para substituição de mesas com defeito', 1, 2, 228, 8),
	(9, 9667, 'Computador', '2015-07-15', '2', '1', 'Transferência realizado junto a empresa B para incorporação no patrimônio', 1, 1, 162, 9),
	(10, 1047, 'Computador', '2018-05-14', '2', '2', 'Transferência realizado junto a empresa B para incorporação no patrimônio', 1, 1, 162, 10),
	(11, 1147, 'Ar Condicionado', '2017-11-08', '3', '2', 'Doação realizada junto a empresa X para substituição de quadro com defeito', 1, 2, 119, 11),
	(12, 1246, 'Projetor', '2018-08-16', '3', '1', 'Doação realizada feita pela empresa Y para incorporação no patrimônio', 1, 1, 158, 12),
	(13, 1367, 'Notebook', '2014-06-28', '2', '2', 'Transferência realizado junto a empresa B para incorporação no patrimônio', 1, 1, 162, 13),
	(14, 1457, 'Estabilizador', '2012-03-05', '1', '3', 'Compra realizada junto a empresa X para substituição de quadro com defeito', 1, 2, 143, 14),
	(15, 1566, 'Furadeira', '2012-03-05', '1', '1', 'Compra realizada junto a empresa X para substituição de quadro com defeito', 1, 1, 142, 15),
	(16, 1667, 'HD Externo', '2015-12-01', '1', '3', 'Compra realizada junto a empresa X para substituição de quadro com defeito', 1, 1, 172, 16),
	(17, 1747, 'Câmera', '2016-07-15', '1', '1', 'Compra realizada junto a empresa X para substituição de quadro com defeito', 1, 1, 161, 17),
	(18, 1867, 'Armário Basculante', '2017-11-26', '2', '1', 'Transferência realizado junto a empresa B para incorporação no patrimônio', 1, 2, 215, 18),
	(19, 19667, 'Microondas', '2012-01-30', '2', '2', 'Transferência realizado junto a empresa B para incorporação no patrimônio', 1, 1, 75, 19),
	(20, 2066, 'Impressora', '2016-12-07', '2', '2', 'Transferência realizado junto a empresa B para incorporação no patrimônio', 1, 2, 164, 20),
	(21, 5588, 'Computador', '2019-06-03', '1', '1', '', 1, 1, 4, 21),
	(22, 5558, 'Ar Condicionado', '2019-06-17', '1', '1', 'Compra realizada junto a empresa X', 1, 1, 268, 31),
	(23, 7747, 'Computador', '2019-06-17', '1', '3', 'Compra realizada junto a empresa X', 1, 1, 162, 32),
	(24, 7411, 'Computador', '2019-06-17', '1', '3', 'Compra realizada junto a empresa Y', 1, 1, 162, 33),
	(25, 6547, 'Computador', '2019-07-02', '1', '1', 'Compra realizada junto a empresa Y', 1, 3, 162, 34),
	(26, 3254, 'Quadro Branco', '2019-07-02', '1', '1', 'Compra realizada junto a empresa X', 1, 3, 235, 35),
	(27, 7412, 'Quadro Branco', '2019-07-02', '2', '1', 'Transferência realizado junto a empresa B para incorporação no patrimônio', 1, 3, 235, 36),
	(28, 3365, 'Mesa', '2019-07-02', '3', '1', 'Compra realizada junto a empresa A para substituição de mesas com defeito', 1, 5, 228, 37),
	(29, 6687, 'Ar Condicionado', '2019-07-02', '1', '1', 'Compra realizada junto a empresa X para substituição de quadro com defeito', 1, 5, 164, 38),
	(30, 3325, 'Mesa', '2019-07-02', '1', '1', 'Compra realizada junto a empresa B', 1, 8, 228, 39);
/*!40000 ALTER TABLE `bem` ENABLE KEYS */;


-- Copiando estrutura para tabela patrimonio2.cod_class
DROP TABLE IF EXISTS `cod_class`;
CREATE TABLE IF NOT EXISTS `cod_class` (
  `idcod_class` int(11) NOT NULL AUTO_INCREMENT,
  `nr_titulo` varchar(45) DEFAULT NULL,
  `codclass_titulo` mediumtext,
  `nr_subtitulo` varchar(45) DEFAULT NULL,
  `codclass_subtitulo` longtext,
  `qtde_cod_class` int(11) DEFAULT NULL,
  PRIMARY KEY (`idcod_class`)
) ENGINE=InnoDB AUTO_INCREMENT=342 DEFAULT CHARSET=utf8;

-- Copiando dados para a tabela patrimonio2.cod_class: ~341 rows (aproximadamente)
/*!40000 ALTER TABLE `cod_class` DISABLE KEYS */;
INSERT INTO `cod_class` (`idcod_class`, `nr_titulo`, `codclass_titulo`, `nr_subtitulo`, `codclass_subtitulo`, `qtde_cod_class`) VALUES
	(1, '1.2.3.1.1.05.01', 'AERONAVEIS A CADASTRAR', '', '', NULL),
	(2, '1.2.3.1.1.05.02', 'APARELHOS DE MEDIÇÃO E ORIENTAÇÃO', '01', 'AMPERÍMETRO', NULL),
	(3, '1.2.3.1.1.05.02', 'APARELHOS DE MEDIÇÃO E ORIENTAÇÃO', '02', 'BALANÇAS', NULL),
	(4, '1.2.3.1.1.05.02', 'APARELHOS DE MEDIÇÃO E ORIENTAÇÃO', '03', 'BARÔMETROS', -1),
	(5, '1.2.3.1.1.05.02', 'APARELHOS DE MEDIÇÃO E ORIENTAÇÃO', '04', 'CAPACÍMETRO', NULL),
	(6, '1.2.3.1.1.05.02', 'APARELHOS DE MEDIÇÃO E ORIENTAÇÃO', '05', 'FREQUENCÍMETRO', NULL),
	(7, '1.2.3.1.1.05.02', 'APARELHOS DE MEDIÇÃO E ORIENTAÇÃO', '06', 'HIDRÔMETROS', NULL),
	(8, '1.2.3.1.1.05.02', 'APARELHOS DE MEDIÇÃO E ORIENTAÇÃO', '07', 'MANÔMETROS (REGULADORES)', NULL),
	(9, '1.2.3.1.1.05.02', 'APARELHOS DE MEDIÇÃO E ORIENTAÇÃO', '08', 'MEDIDORES DE GÁS E CORRENTE ELÉTRICA', NULL),
	(10, '1.2.3.1.1.05.02', 'APARELHOS DE MEDIÇÃO E ORIENTAÇÃO', '09', 'MULTÍMETRO', NULL),
	(11, '1.2.3.1.1.05.02', 'APARELHOS DE MEDIÇÃO E ORIENTAÇÃO', '10', 'OSCILOSCÓPIO', NULL),
	(12, '1.2.3.1.1.05.02', 'APARELHOS DE MEDIÇÃO E ORIENTAÇÃO', '11', 'PAQUÍMETROS', NULL),
	(13, '1.2.3.1.1.05.02', 'APARELHOS DE MEDIÇÃO E ORIENTAÇÃO', '12', 'PIRÔMETROS', NULL),
	(14, '1.2.3.1.1.05.02', 'APARELHOS DE MEDIÇÃO E ORIENTAÇÃO', '13', 'PODÔMETROS', NULL),
	(15, '1.2.3.1.1.05.02', 'APARELHOS DE MEDIÇÃO E ORIENTAÇÃO', '14', 'RODÔMETROS', NULL),
	(16, '1.2.3.1.1.05.02', 'APARELHOS DE MEDIÇÃO E ORIENTAÇÃO', '15', 'TERMÔMETROS CLIMÁTICOS E CLÍNICOS', NULL),
	(17, '1.2.3.1.1.05.02', 'APARELHOS DE MEDIÇÃO E ORIENTAÇÃO', '99', 'DIVERSOS', NULL),
	(18, '1.2.3.1.1.05.03', 'APARELHOS E EQUIPAMENTOS DE COMUNICAÇÃO', '01', 'ANTENA PARABÓLICA', NULL),
	(19, '1.2.3.1.1.05.03', 'APARELHOS E EQUIPAMENTOS DE COMUNICAÇÃO', '02', 'APARELHAGEM DE TRANSMISSÃO (RÁDIOS DE COMUNICAÇÃO)', NULL),
	(20, '1.2.3.1.1.05.03', 'APARELHOS E EQUIPAMENTOS DE COMUNICAÇÃO', '03', 'APARELHO DE FAX', NULL),
	(21, '1.2.3.1.1.05.03', 'APARELHOS E EQUIPAMENTOS DE COMUNICAÇÃO', '04', 'APARELHOS TELEFÔNICOS (INTERFONE)', NULL),
	(22, '1.2.3.1.1.05.03', 'APARELHOS E EQUIPAMENTOS DE COMUNICAÇÃO', '05', 'MESAS TELEFÔNICAS', NULL),
	(23, '1.2.3.1.1.05.03', 'APARELHOS E EQUIPAMENTOS DE COMUNICAÇÃO', '06', 'RÁDIO TELEGRAFIA (TELEX)', NULL),
	(24, '1.2.3.1.1.05.03', 'APARELHOS E EQUIPAMENTOS DE COMUNICAÇÃO', '99', 'DIVERSOS', NULL),
	(25, '1.2.3.1.1.05.04', 'APARELHOS, EQUIPAMENTOS, UTENSÍLIOS MÉDICO-ODONTOLÓGICO, LABORATORIAL E HOSPITALAR', '01', 'APARELHO DE PRESSÃO ARTERIAL', NULL),
	(26, '1.2.3.1.1.05.04', 'APARELHOS, EQUIPAMENTOS, UTENSÍLIOS MÉDICO-ODONTOLÓGICO, LABORATORIAL E HOSPITALAR', '02', 'APARELHOO DE RADIOTERAPIA E ULTRAVIOLETA', NULL),
	(27, '1.2.3.1.1.05.04', 'APARELHOS, EQUIPAMENTOS, UTENSÍLIOS MÉDICO-ODONTOLÓGICO, LABORATORIAL E HOSPITALAR', '03', 'BACIAS', NULL),
	(28, '1.2.3.1.1.05.04', 'APARELHOS, EQUIPAMENTOS, UTENSÍLIOS MÉDICO-ODONTOLÓGICO, LABORATORIAL E HOSPITALAR', '04', 'BALANÇAS (HOSPITALAR, BIOMÉTRICA, E PEDIÁTRICA)', NULL),
	(29, '1.2.3.1.1.05.04', 'APARELHOS, EQUIPAMENTOS, UTENSÍLIOS MÉDICO-ODONTOLÓGICO, LABORATORIAL E HOSPITALAR', '05', 'BISTURI ELÉTRICO', NULL),
	(30, '1.2.3.1.1.05.04', 'APARELHOS, EQUIPAMENTOS, UTENSÍLIOS MÉDICO-ODONTOLÓGICO, LABORATORIAL E HOSPITALAR', '06', 'CADEIRAS E MESAS ESPECIAIS (MACA)', NULL),
	(31, '1.2.3.1.1.05.04', 'APARELHOS, EQUIPAMENTOS, UTENSÍLIOS MÉDICO-ODONTOLÓGICO, LABORATORIAL E HOSPITALAR', '07', 'COMADRES', NULL),
	(32, '1.2.3.1.1.05.04', 'APARELHOS, EQUIPAMENTOS, UTENSÍLIOS MÉDICO-ODONTOLÓGICO, LABORATORIAL E HOSPITALAR', '08', 'COMPADRES', NULL),
	(33, '1.2.3.1.1.05.04', 'APARELHOS, EQUIPAMENTOS, UTENSÍLIOS MÉDICO-ODONTOLÓGICO, LABORATORIAL E HOSPITALAR', '09', 'ELETROCARDIÓGRAFO', NULL),
	(34, '1.2.3.1.1.05.04', 'APARELHOS, EQUIPAMENTOS, UTENSÍLIOS MÉDICO-ODONTOLÓGICO, LABORATORIAL E HOSPITALAR', '10', 'EQUIPAMENTO DENTÁRIO (COLHER DE DENTINA, CURETA PERIODENTAL, ESPELHO BUCAL, APARELHO DE RX DENTÁRIO)', NULL),
	(35, '1.2.3.1.1.05.04', 'APARELHOS, EQUIPAMENTOS, UTENSÍLIOS MÉDICO-ODONTOLÓGICO, LABORATORIAL E HOSPITALAR', '11', 'EQUIPAMENTO HOSPITALAR DE GRANDE PORTE - RAIOS X', NULL),
	(36, '1.2.3.1.1.05.04', 'APARELHOS, EQUIPAMENTOS, UTENSÍLIOS MÉDICO-ODONTOLÓGICO, LABORATORIAL E HOSPITALAR', '12', 'ESTETOSCÓPIO', NULL),
	(37, '1.2.3.1.1.05.04', 'APARELHOS, EQUIPAMENTOS, UTENSÍLIOS MÉDICO-ODONTOLÓGICO, LABORATORIAL E HOSPITALAR', '13', 'LIOFILIZADORES', NULL),
	(38, '1.2.3.1.1.05.04', 'APARELHOS, EQUIPAMENTOS, UTENSÍLIOS MÉDICO-ODONTOLÓGICO, LABORATORIAL E HOSPITALAR', '14', 'MESA DE OPERAÇÃO', NULL),
	(39, '1.2.3.1.1.05.04', 'APARELHOS, EQUIPAMENTOS, UTENSÍLIOS MÉDICO-ODONTOLÓGICO, LABORATORIAL E HOSPITALAR', '15', 'SUPORTE PARA MESA', NULL),
	(40, '1.2.3.1.1.05.04', 'APARELHOS, EQUIPAMENTOS, UTENSÍLIOS MÉDICO-ODONTOLÓGICO, LABORATORIAL E HOSPITALAR', '16', 'TENDAS DE OXIGÊNIO', NULL),
	(41, '1.2.3.1.1.05.04', 'APARELHOS, EQUIPAMENTOS, UTENSÍLIOS MÉDICO-ODONTOLÓGICO, LABORATORIAL E HOSPITALAR', '99', 'DIVERSOS (ANDADORES, APAR. BOMMET, APAR. ANESTESIA, APAR. DE ELETRO-COAGULAÇÃO, APAR. ULTRA-SOM, ASPIRADORES, BISTURI, BOMBA INFUSÃO, CAVALO RODY, ESPALDAR, FOCO CIRÚRGICO, FORNO DE BIA, LÂMPADA REFLETORA, CENTRÍFUGAS CLÍNICAS, NEGATOSCÓPIO, TRIPÉ, P/ COLETA DE SANGUE, TURBILHÃO DE ÁGUA P/ MEMBROS, MULETAS, SINETOGRAFO, RODA NÁUTICA, AP. MEDIÇÃO DE GLICOSE, VÁLVULA ESPIATÓRIA, ANALIZADOR, APAR. INFRAVERMELHO, REANIMADOR, CÂNULA DE GUEDEL, SUPORTE P/ SORO, MICROSCÓPIO)', NULL),
	(42, '1.2.3.1.1.05.05', 'APARELHOS E EQUIPAMENTOS PARA ESPORTE E DIVERSÕES', '01', 'BALANÇOS', NULL),
	(43, '1.2.3.1.1.05.05', 'APARELHOS E EQUIPAMENTOS PARA ESPORTE E DIVERSÕES', '02', 'BALIZA', NULL),
	(44, '1.2.3.1.1.05.05', 'APARELHOS E EQUIPAMENTOS PARA ESPORTE E DIVERSÕES', '03', 'BANDEIRAS', NULL),
	(45, '1.2.3.1.1.05.05', 'APARELHOS E EQUIPAMENTOS PARA ESPORTE E DIVERSÕES', '04', 'BARRAS', NULL),
	(46, '1.2.3.1.1.05.05', 'APARELHOS E EQUIPAMENTOS PARA ESPORTE E DIVERSÕES', '05', 'BICICLETA ERGOMÉTRICA', NULL),
	(47, '1.2.3.1.1.05.05', 'APARELHOS E EQUIPAMENTOS PARA ESPORTE E DIVERSÕES', '06', 'BRASÕES', NULL),
	(48, '1.2.3.1.1.05.05', 'APARELHOS E EQUIPAMENTOS PARA ESPORTE E DIVERSÕES', '07', 'CARROCÉIS', NULL),
	(49, '1.2.3.1.1.05.05', 'APARELHOS E EQUIPAMENTOS PARA ESPORTE E DIVERSÕES', '08', 'CAVALOS E CARNEIROS DE MADEIRA', NULL),
	(50, '1.2.3.1.1.05.05', 'APARELHOS E EQUIPAMENTOS PARA ESPORTE E DIVERSÕES', '09', 'DARDOS', NULL),
	(51, '1.2.3.1.1.05.05', 'APARELHOS E EQUIPAMENTOS PARA ESPORTE E DIVERSÕES', '10', 'DESLIZADORES', NULL),
	(52, '1.2.3.1.1.05.05', 'APARELHOS E EQUIPAMENTOS PARA ESPORTE E DIVERSÕES', '11', 'DISCOS', NULL),
	(53, '1.2.3.1.1.05.05', 'APARELHOS E EQUIPAMENTOS PARA ESPORTE E DIVERSÕES', '12', 'ESCUDOS', NULL),
	(54, '1.2.3.1.1.05.05', 'APARELHOS E EQUIPAMENTOS PARA ESPORTE E DIVERSÕES', '13', 'FLÂMULAS', NULL),
	(55, '1.2.3.1.1.05.05', 'APARELHOS E EQUIPAMENTOS PARA ESPORTE E DIVERSÕES', '14', 'INSIGNIAS', NULL),
	(56, '1.2.3.1.1.05.05', 'APARELHOS E EQUIPAMENTOS PARA ESPORTE E DIVERSÕES', '15', 'JOGOS DE SELINS', NULL),
	(57, '1.2.3.1.1.05.05', 'APARELHOS E EQUIPAMENTOS PARA ESPORTE E DIVERSÕES', '16', 'PARALELAS', NULL),
	(58, '1.2.3.1.1.05.05', 'APARELHOS E EQUIPAMENTOS PARA ESPORTE E DIVERSÕES', '17', 'PESOS', NULL),
	(59, '1.2.3.1.1.05.05', 'APARELHOS E EQUIPAMENTOS PARA ESPORTE E DIVERSÕES', '18', 'PLACARD', NULL),
	(60, '1.2.3.1.1.05.05', 'APARELHOS E EQUIPAMENTOS PARA ESPORTE E DIVERSÕES', '19', 'REMOS', NULL),
	(61, '1.2.3.1.1.05.05', 'APARELHOS E EQUIPAMENTOS PARA ESPORTE E DIVERSÕES', '20', 'TABELAS', NULL),
	(62, '1.2.3.1.1.05.05', 'APARELHOS E EQUIPAMENTOS PARA ESPORTE E DIVERSÕES', '21', 'VARAS DE SALTO', NULL),
	(63, '1.2.3.1.1.05.05', 'APARELHOS E EQUIPAMENTOS PARA ESPORTE E DIVERSÕES', '99', 'DIVERSOS (TATAME, BOLAS, BOLAS C/ PESO, TRAMPOLINS, BOMBA DE ENCHER PNEU)', NULL),
	(64, '1.2.3.1.1.05.06', 'APARELHOS E UTENSÍLIOS DOMÉSTICOS', '01', 'ASPIRADOR DE PÓ', NULL),
	(65, '1.2.3.1.1.05.06', 'APARELHOS E UTENSÍLIOS DOMÉSTICOS', '02', 'BANDEJA DE AÇO INOX (TRAVESSAS)', NULL),
	(66, '1.2.3.1.1.05.06', 'APARELHOS E UTENSÍLIOS DOMÉSTICOS', '03', 'BATEDEIRA', NULL),
	(67, '1.2.3.1.1.05.06', 'APARELHOS E UTENSÍLIOS DOMÉSTICOS', '04', 'BOTIJÕES', NULL),
	(68, '1.2.3.1.1.05.06', 'APARELHOS E UTENSÍLIOS DOMÉSTICOS', '05', 'CAFETEIRAS', NULL),
	(69, '1.2.3.1.1.05.06', 'APARELHOS E UTENSÍLIOS DOMÉSTICOS', '06', 'ENCERADEIRA', NULL),
	(70, '1.2.3.1.1.05.06', 'APARELHOS E UTENSÍLIOS DOMÉSTICOS', '07', 'ESCADA PORTÁTIL', NULL),
	(71, '1.2.3.1.1.05.06', 'APARELHOS E UTENSÍLIOS DOMÉSTICOS', '08', 'EXTRATOR DE SUCO', NULL),
	(72, '1.2.3.1.1.05.06', 'APARELHOS E UTENSÍLIOS DOMÉSTICOS', '09', 'FERRO DE PASSAR ROUPA', NULL),
	(73, '1.2.3.1.1.05.06', 'APARELHOS E UTENSÍLIOS DOMÉSTICOS', '10', 'FOGAREIROS', NULL),
	(74, '1.2.3.1.1.05.06', 'APARELHOS E UTENSÍLIOS DOMÉSTICOS', '11', 'FOGÕES', NULL),
	(75, '1.2.3.1.1.05.06', 'APARELHOS E UTENSÍLIOS DOMÉSTICOS', '12', 'FORNOS (MICROONDAS)', NULL),
	(76, '1.2.3.1.1.05.06', 'APARELHOS E UTENSÍLIOS DOMÉSTICOS', '13', 'FRITADEIRA', NULL),
	(77, '1.2.3.1.1.05.06', 'APARELHOS E UTENSÍLIOS DOMÉSTICOS', '14', 'GARRAFAS DE AÇO PARA GÁS', NULL),
	(78, '1.2.3.1.1.05.06', 'APARELHOS E UTENSÍLIOS DOMÉSTICOS', '15', 'GELADEIRA (REFRIGERADOR, FREEZER)', NULL),
	(79, '1.2.3.1.1.05.06', 'APARELHOS E UTENSÍLIOS DOMÉSTICOS', '16', 'LIQUIDIFICADOR', NULL),
	(80, '1.2.3.1.1.05.06', 'APARELHOS E UTENSÍLIOS DOMÉSTICOS', '17', 'MÁQUINA DE FECHAR QUENTINHA', NULL),
	(81, '1.2.3.1.1.05.06', 'APARELHOS E UTENSÍLIOS DOMÉSTICOS', '18', 'MÁQUINA DE LAVAR LOUÇAS', NULL),
	(82, '1.2.3.1.1.05.06', 'APARELHOS E UTENSÍLIOS DOMÉSTICOS', '19', 'MÁQUINA DE LAVAR ROUPAS', NULL),
	(83, '1.2.3.1.1.05.06', 'APARELHOS E UTENSÍLIOS DOMÉSTICOS', '20', 'NEBULIZADOR', NULL),
	(84, '1.2.3.1.1.05.06', 'APARELHOS E UTENSÍLIOS DOMÉSTICOS', '21', 'OZONIZADOR', NULL),
	(85, '1.2.3.1.1.05.06', 'APARELHOS E UTENSÍLIOS DOMÉSTICOS', '22', 'PANELAS (DE PRESSÃO, CALDEIRÃO, CAÇAROLA)', NULL),
	(86, '1.2.3.1.1.05.06', 'APARELHOS E UTENSÍLIOS DOMÉSTICOS', '23', 'SANDUIOCHEIRA', NULL),
	(87, '1.2.3.1.1.05.06', 'APARELHOS E UTENSÍLIOS DOMÉSTICOS', '24', 'TORRADEIRA', NULL),
	(88, '1.2.3.1.1.05.06', 'APARELHOS E UTENSÍLIOS DOMÉSTICOS', '25', 'VENTILADORES', NULL),
	(89, '1.2.3.1.1.05.06', 'APARELHOS E UTENSÍLIOS DOMÉSTICOS', '99', 'DIVERSOS (FACAS GRANDES, CONCHAS, ESPUMADEIRAS, GARFO TRIDENTE, BALDE DE AÇO INOX, CAIXA AÇO INOX, CALDEIRÃO GÁS, CUBA REDONDA, APAR. FONDUE, ASSADEIRAS, BALCÕES C/ CUBAS, BULE DE AÇO INOX, CALDEIRA A GÁS P/ ALIMENTOS, FILTROS, ESCORREDOR, PANELEIRO, LEITEIRA, BATEDORES, LANTERNA)', NULL),
	(90, '1.2.3.1.1.05.07', 'ARMAMENTO', '01', 'INSTRUMENTOS E ARMAS DE USO DAS CORPORAÇÕES POLICIAL-MILITAR', NULL),
	(91, '1.2.3.1.1.05.07', 'ARMAMENTO', '99', 'DIVERSOS', NULL),
	(92, '1.2.3.1.1.05.08', 'COLEÇÕES E MATERIAIS BIBLIOGRÁFICOS', '01', 'COLEÇÕES BOTÂNICAS', NULL),
	(93, '1.2.3.1.1.05.08', 'COLEÇÕES E MATERIAIS BIBLIOGRÁFICOS', '02', 'COLEÇÕES CEROPLÁSTICAS', NULL),
	(94, '1.2.3.1.1.05.08', 'COLEÇÕES E MATERIAIS BIBLIOGRÁFICOS', '03', 'COLEÇÕES FILATÉLICAS', NULL),
	(95, '1.2.3.1.1.05.08', 'COLEÇÕES E MATERIAIS BIBLIOGRÁFICOS', '04', 'COLEÇÕES MINERALÓGICAS', NULL),
	(96, '1.2.3.1.1.05.08', 'COLEÇÕES E MATERIAIS BIBLIOGRÁFICOS', '05', 'COLEÇÕES NUMISMÁTICAS', NULL),
	(97, '1.2.3.1.1.05.08', 'COLEÇÕES E MATERIAIS BIBLIOGRÁFICOS', '06', 'COLEÇÕES ZOOLÓGICAS', NULL),
	(98, '1.2.3.1.1.05.08', 'COLEÇÕES E MATERIAIS BIBLIOGRÁFICOS', '07', 'DOCUMENTOS', NULL),
	(99, '1.2.3.1.1.05.08', 'COLEÇÕES E MATERIAIS BIBLIOGRÁFICOS', '08', 'FICHAS BIBLIOGRÁFICAS', NULL),
	(100, '1.2.3.1.1.05.08', 'COLEÇÕES E MATERIAIS BIBLIOGRÁFICOS', '09', 'LIVROS', NULL),
	(101, '1.2.3.1.1.05.08', 'COLEÇÕES E MATERIAIS BIBLIOGRÁFICOS', '10', 'MAPAS', NULL),
	(102, '1.2.3.1.1.05.08', 'COLEÇÕES E MATERIAIS BIBLIOGRÁFICOS', '11', 'MATERIAL FOCLÓRICO', NULL),
	(103, '1.2.3.1.1.05.08', 'COLEÇÕES E MATERIAIS BIBLIOGRÁFICOS', '12', 'PINACOTECAS', NULL),
	(104, '1.2.3.1.1.05.08', 'COLEÇÕES E MATERIAIS BIBLIOGRÁFICOS', '13', 'PUBLIAÇÕES', NULL),
	(105, '1.2.3.1.1.05.08', 'COLEÇÕES E MATERIAIS BIBLIOGRÁFICOS', '99', 'DIVERSOS', NULL),
	(106, '1.2.3.1.1.05.09', 'DISCOTECAS E FILMOTECAS', '01', 'DISCOS E RESPECTIVOS ÁLBUNS', NULL),
	(107, '1.2.3.1.1.05.09', 'DISCOTECAS E FILMOTECAS', '02', 'FILMES CINEMATOGRÁFICOS DE CARÁTER EDUCATIVO OU CIENTÍFICO', NULL),
	(108, '1.2.3.1.1.05.09', 'DISCOTECAS E FILMOTECAS', '99', 'DIVERSOS', NULL),
	(109, '1.2.3.1.1.05.10', 'EMBARCAÇÕES A CADASTRAR', '', '', NULL),
	(110, '1.2.3.1.1.05.11', 'EQUIPAMENTOS DE MANOBRAS E PATRULHAMENTO', '01', 'MATERIAL PARA ACAMPAMENTO, CAMPANHA E PARA INSTRUÇÃO E SERVIÇO', NULL),
	(111, '1.2.3.1.1.05.11', 'EQUIPAMENTOS DE MANOBRAS E PATRULHAMENTO', '99', 'DIVERSOS', NULL),
	(112, '1.2.3.1.1.05.12', 'EQUIPAMENTOS DE PROTEÇÃO, SEGURANÇA E SOCORRO', '01', 'COFRES', NULL),
	(113, '1.2.3.1.1.05.12', 'EQUIPAMENTOS DE PROTEÇÃO, SEGURANÇA E SOCORRO', '02', 'MÁQUINAS E EQUIPAMENTOS PARA SALVAMENTO', NULL),
	(114, '1.2.3.1.1.05.12', 'EQUIPAMENTOS DE PROTEÇÃO, SEGURANÇA E SOCORRO', '03', 'MÁQUINAS E EQUIPAMENTOS PARA COMBATE E PREVENÇÃO DE INCÊNDIOS (EXTINTORES)', NULL),
	(115, '1.2.3.1.1.05.12', 'EQUIPAMENTOS DE PROTEÇÃO, SEGURANÇA E SOCORRO', '99', 'COFRES', NULL),
	(116, '1.2.3.1.1.05.13', 'INSTRUMENTOS MUSICAIS E ARTÍSTICOS', '01', 'INSTRUMENTOS MUSICAIS EM GERAL', NULL),
	(117, '1.2.3.1.1.05.13', 'DIVERSOS', '99', 'DIVERSOS', NULL),
	(118, '1.2.3.1.1.05.14', 'MÁQUINAS E EQUIPAMENTOS DE NATUREZA INDUSTRIAL', '01', 'BEBEDOUROS ELÉTRICOS', NULL),
	(119, '1.2.3.1.1.05.14', 'MÁQUINAS E EQUIPAMENTOS DE NATUREZA INDUSTRIAL', '02', 'CONDICIONADORES DE AR', NULL),
	(120, '1.2.3.1.1.05.14', 'MÁQUINAS E EQUIPAMENTOS DE NATUREZA INDUSTRIAL', '03', 'EXAUSTORES E COIFAS', NULL),
	(121, '1.2.3.1.1.05.14', 'MÁQUINAS E EQUIPAMENTOS DE NATUREZA INDUSTRIAL', '04', 'MÁQUINA DE LAVAR LOUÇAS E BANDEJAS', NULL),
	(122, '1.2.3.1.1.05.14', 'MÁQUINAS E EQUIPAMENTOS DE NATUREZA INDUSTRIAL', '05', 'MÁQUINAS A VAPOR', NULL),
	(123, '1.2.3.1.1.05.14', 'MÁQUINAS E EQUIPAMENTOS DE NATUREZA INDUSTRIAL', '06', 'MÁQUINAS DE CALÇADOS', NULL),
	(124, '1.2.3.1.1.05.14', 'MÁQUINAS E EQUIPAMENTOS DE NATUREZA INDUSTRIAL', '07', 'MÁQUINAS DE CARPINTARIA', NULL),
	(125, '1.2.3.1.1.05.14', 'MÁQUINAS E EQUIPAMENTOS DE NATUREZA INDUSTRIAL', '08', 'MÁQUINAS DE CORTAR PÃO E PRESUNTO', NULL),
	(126, '1.2.3.1.1.05.14', 'MÁQUINAS E EQUIPAMENTOS DE NATUREZA INDUSTRIAL', '09', 'MÁQUINAS DE COSTURA', NULL),
	(127, '1.2.3.1.1.05.14', 'MÁQUINAS E EQUIPAMENTOS DE NATUREZA INDUSTRIAL', '10', 'MÁQUINAS DE FAZER CAFÉ (CAFETEIRAS)', NULL),
	(128, '1.2.3.1.1.05.14', 'MÁQUINAS E EQUIPAMENTOS DE NATUREZA INDUSTRIAL', '11', 'MÁQUINAS DE LAVAR BANDEJAS', NULL),
	(129, '1.2.3.1.1.05.14', 'MÁQUINAS E EQUIPAMENTOS DE NATUREZA INDUSTRIAL', '12', 'MÁQUINAS DE MARCENARIA', NULL),
	(130, '1.2.3.1.1.05.14', 'MÁQUINAS E EQUIPAMENTOS DE NATUREZA INDUSTRIAL', '13', 'MÁQUINAS E EQUIPAMENTOS PARA CONTROLE DE TRÂNSITO', NULL),
	(131, '1.2.3.1.1.05.14', 'MÁQUINAS E EQUIPAMENTOS DE NATUREZA INDUSTRIAL', '14', 'MÁQUINAS ELÉTRICAS PARA MOER CARNE', NULL),
	(132, '1.2.3.1.1.05.14', 'MÁQUINAS E EQUIPAMENTOS DE NATUREZA INDUSTRIAL', '15', 'MÁQUINAS ESPECIAIS PARA A INDÚSTRIA DE PETRÓLEO', NULL),
	(133, '1.2.3.1.1.05.14', 'MÁQUINAS E EQUIPAMENTOS DE NATUREZA INDUSTRIAL', '16', 'MÁQUINAS PARA INDÚSTRIA DE LATICÍNIOS E FABRICAÇÃO DE ALIMENTOS (MODELADORA DE PÃO, DIVISORA DE PÃO, MÁQUINA PARA AMASSAR MASSAS)', NULL),
	(134, '1.2.3.1.1.05.14', 'MÁQUINAS E EQUIPAMENTOS DE NATUREZA INDUSTRIAL', '17', 'MÁQUINAS PARA INDÚSTRIA DE PAPEL', NULL),
	(135, '1.2.3.1.1.05.14', 'MÁQUINAS E EQUIPAMENTOS DE NATUREZA INDUSTRIAL', '18', 'MÁQUINAS PARA INDÚSTRIA TÊXTIL', NULL),
	(136, '1.2.3.1.1.05.14', 'MÁQUINAS E EQUIPAMENTOS DE NATUREZA INDUSTRIAL', '19', 'MÁQUINAS PARA LAVANDERIA', NULL),
	(137, '1.2.3.1.1.05.14', 'MÁQUINAS E EQUIPAMENTOS DE NATUREZA INDUSTRIAL', '20', 'MÁQUINAS PARA LIXO E ESGOTO', NULL),
	(138, '1.2.3.1.1.05.14', 'MÁQUINAS E EQUIPAMENTOS DE NATUREZA INDUSTRIAL', '21', 'MÁQUINAS PARA TRATAMENTO DE ÁGUA', NULL),
	(139, '1.2.3.1.1.05.14', 'MÁQUINAS E EQUIPAMENTOS DE NATUREZA INDUSTRIAL', '22', 'ROÇADEIRAS', NULL),
	(140, '1.2.3.1.1.05.14', 'MÁQUINAS E EQUIPAMENTOS DE NATUREZA INDUSTRIAL', '23', 'SERRAS', NULL),
	(141, '1.2.3.1.1.05.14', 'MÁQUINAS E EQUIPAMENTOS DE NATUREZA INDUSTRIAL', '24', 'TURBINAS', NULL),
	(142, '1.2.3.1.1.05.14', 'MÁQUINAS E EQUIPAMENTOS DE NATUREZA INDUSTRIAL', '99', 'DIVERSOS (TORNOS, TRITURADOR DE RESÍDUOS, GERADOR DE ÁUDIO, AFIADOR, DESCASCADOR DE BATATAS, CORTADORES DE LEGUMES, BANCADA COM FURADEIRA, BANHO-MARIA, CARREGADOR PARA BATERIA AUTOMOTIVA, CONJ. PISCINA, C/ FILTRO E BOMBA, PROCESSADOR DE LEGUMES, CÂMARA FRIGORÍFICA, CENTRÍFUGAS EM GERAL, COMPRESSORES EM GERAL, ESMERIL, ESTERILIZADOR, ESTUFA, FORNO, INDUSTRIAL, FURADEIRAS EM GERAL, CILINDRO PARA MASSAS, MÁQ. SOLDA, MESA DE LUZ, CALDEIRAS, FILTRO INDUSTRIAL, AQUECEDORES DE ÁGUA E GÁS, FREZADORA, MÁQ. DE GELO, LAVADORA DE LATA PRESSÃO, LIXADEIRA, BETONEIRAS, TORNOS EM GERAL, VACUÔMETRO EM GERAL, MOTORES EM GERAL, MARTELETE, OUTROS MATERIAIS DE USO DURADOURO', NULL),
	(143, '1.2.3.1.1.05.15', 'MÁQUINAS E EQUIPAMENTOS ENERGÉTICOS', '01', 'ESTABILIZADOR', NULL),
	(144, '1.2.3.1.1.05.15', 'MÁQUINAS E EQUIPAMENTOS ENERGÉTICOS', '02', 'GERADORES E FONTES DE ALIMENTAÇÃO', NULL),
	(145, '1.2.3.1.1.05.15', 'MÁQUINAS E EQUIPAMENTOS ENERGÉTICOS', '03', 'NO BREAK', NULL),
	(146, '1.2.3.1.1.05.15', 'MÁQUINAS E EQUIPAMENTOS ENERGÉTICOS', '04', 'TRANSFORMADORES', NULL),
	(147, '1.2.3.1.1.05.15', 'MÁQUINAS E EQUIPAMENTOS ENERGÉTICOS', '05', 'VOLTÍMETROS', NULL),
	(148, '1.2.3.1.1.05.15', 'MÁQUINAS E EQUIPAMENTOS ENERGÉTICOS', '99', 'DIVERSOS', NULL),
	(149, '1.2.3.1.1.05.16', 'MÁQUINAS E EQUIPAMENTOS GRÁFICOS', '01', 'APARELHOS DE CÓPIA, REDUÇÃO E AMPLIAÇÃO (COPIADORAS)', NULL),
	(150, '1.2.3.1.1.05.16', 'MÁQUINAS E EQUIPAMENTOS GRÁFICOS', '02', 'APARELHOS DE CÓPIAS FOTOSTÁTICAS E HELIOGRÁFICAS (COPIADORA PARA PLANTAS DE ARQUITETURA)', NULL),
	(151, '1.2.3.1.1.05.16', 'MÁQUINAS E EQUIPAMENTOS GRÁFICOS', '03', 'DUPLICADORES (MIMEÓGRAFOS)', NULL),
	(152, '1.2.3.1.1.05.16', 'MÁQUINAS E EQUIPAMENTOS GRÁFICOS', '04', 'GUILHOTINA ELÉTRICA OU MANUAL', NULL),
	(153, '1.2.3.1.1.05.16', 'MÁQUINAS E EQUIPAMENTOS GRÁFICOS', '05', 'MÁQUINAS DE IMPRESSÃO E DE TIPOGRAFIA', NULL),
	(154, '1.2.3.1.1.05.16', 'MÁQUINAS E EQUIPAMENTOS GRÁFICOS', '99', 'DIVERSOS', NULL),
	(155, '1.2.3.1.1.05.17', 'EQUIPAMENTOS PARA ÁUDIO, VÍDEO E FOTO', '01', 'APARELHOS DE SOM (RÁDIOS)', NULL),
	(156, '1.2.3.1.1.05.17', 'EQUIPAMENTOS PARA ÁUDIO, VÍDEO E FOTO', '02', 'AMPLIFICADOR', NULL),
	(157, '1.2.3.1.1.05.17', 'EQUIPAMENTOS PARA ÁUDIO, VÍDEO E FOTO', '03', 'GRAVADORES DE SOM', NULL),
	(158, '1.2.3.1.1.05.17', 'EQUIPAMENTOS PARA ÁUDIO, VÍDEO E FOTO', '04', 'PROJETORES (DATA SHOW, RETROPROJETORES', NULL),
	(159, '1.2.3.1.1.05.17', 'EQUIPAMENTOS PARA ÁUDIO, VÍDEO E FOTO', '05', 'TELEVISÃO', NULL),
	(160, '1.2.3.1.1.05.17', 'EQUIPAMENTOS PARA ÁUDIO, VÍDEO E FOTO', '06', 'VIDEOCASSETE', NULL),
	(161, '1.2.3.1.1.05.17', 'EQUIPAMENTOS PARA ÁUDIO, VÍDEO E FOTO', '99', 'DIVERSOS (EQUALIZADOR, MESA DE SOM, CÂMERAS, CAIXA ACÚSTICA, COMUTADOR DE SINAIS DE VÍDEO, FILMADORA, FLASH, FONES, MEGAFONE, MICROFONES, LENTES OBJETIVAS, SINCRONIZADOR, SINTONIZADOR, TELA DE PROJEÇÃO, TRANSCODIFICADOR, CANHÃO DE LUZ, PEDESTAL P/ MICROFONE, SUPORTE PARA CAIXAS DE SOM, ANTENA PARABÓLICA, APARELHO DE DVD, BLUE RAY, MP3, HEADSET, CENTRAL DE VIGILÂNCIA)', NULL),
	(162, '1.2.3.1.1.05.18', 'EQUIPAMENTOS E MATERIAIS DE PROCESSAMENTO DE DADOS', '01', 'COMPUTADORES E MICROCOMPUTADORES ELETRÔNICOS (LAPTOP, CONJUNTO COMPLETO, CPU)', 3),
	(163, '1.2.3.1.1.05.18', 'EQUIPAMENTOS E MATERIAIS DE PROCESSAMENTO DE DADOS', '02', 'HUB, SWITCH E PATCH PANEL', NULL),
	(164, '1.2.3.1.1.05.18', 'EQUIPAMENTOS E MATERIAIS DE PROCESSAMENTO DE DADOS', '03', 'IMPRESSORAS', 1),
	(165, '1.2.3.1.1.05.18', 'EQUIPAMENTOS E MATERIAIS DE PROCESSAMENTO DE DADOS', '04', 'INTERCALADORES', NULL),
	(166, '1.2.3.1.1.05.18', 'EQUIPAMENTOS E MATERIAIS DE PROCESSAMENTO DE DADOS', '05', 'MONITOR', NULL),
	(167, '1.2.3.1.1.05.18', 'EQUIPAMENTOS E MATERIAIS DE PROCESSAMENTO DE DADOS', '06', 'PERFURADORES', NULL),
	(168, '1.2.3.1.1.05.18', 'EQUIPAMENTOS E MATERIAIS DE PROCESSAMENTO DE DADOS', '07', 'SCANNER', NULL),
	(169, '1.2.3.1.1.05.18', 'EQUIPAMENTOS E MATERIAIS DE PROCESSAMENTO DE DADOS', '08', 'SEPARADORAS', NULL),
	(170, '1.2.3.1.1.05.18', 'EQUIPAMENTOS E MATERIAIS DE PROCESSAMENTO DE DADOS', '09', 'TABULADORAS', NULL),
	(171, '1.2.3.1.1.05.18', 'EQUIPAMENTOS E MATERIAIS DE PROCESSAMENTO DE DADOS', '10', 'TECLADO', NULL),
	(172, '1.2.3.1.1.05.18', 'EQUIPAMENTOS E MATERIAIS DE PROCESSAMENTO DE DADOS', '99', 'DIVERSOS (ABAFADORES, ADAPTADORES, CANETA ÓPTICA, GRAVADOR DE CD/DVD, ESTAÇÃO DE TRABALHO, GERENCIADOR DE IMPRESSORA (CAIXA COMUTADORA), LEITORA ÓPTICA, WEBCAM, PEN DRIVE, ROTEADOR, ROUTER, ZIP-DRIVE, CX DE SOM P/ MICRO, MIMIO INTERATIVO-QUADRO INTERATIVO)', NULL),
	(173, '1.2.3.1.1.05.19', 'MÁQUINAS, INSTALAÇÕES E UTENSÍLIOS DE ESCRITÓRIO', '01', 'CAIXA REGISTRADORA', NULL),
	(174, '1.2.3.1.1.05.19', 'MÁQUINAS, INSTALAÇÕES E UTENSÍLIOS DE ESCRITÓRIO', '02', 'CARIMBO DATADORES E NUMERADORES METÁLICOS', NULL),
	(175, '1.2.3.1.1.05.19', 'MÁQUINAS, INSTALAÇÕES E UTENSÍLIOS DE ESCRITÓRIO', '03', 'ESCALAS TRIANGULARES', NULL),
	(176, '1.2.3.1.1.05.19', 'MÁQUINAS, INSTALAÇÕES E UTENSÍLIOS DE ESCRITÓRIO', '04', 'FICHÁRIOS', NULL),
	(177, '1.2.3.1.1.05.19', 'MÁQUINAS, INSTALAÇÕES E UTENSÍLIOS DE ESCRITÓRIO', '05', 'FRAGMENTADORA DE PAPEL', NULL),
	(178, '1.2.3.1.1.05.19', 'MÁQUINAS, INSTALAÇÕES E UTENSÍLIOS DE ESCRITÓRIO', '06', 'GLOBO TERRESTRE', NULL),
	(179, '1.2.3.1.1.05.19', 'MÁQUINAS, INSTALAÇÕES E UTENSÍLIOS DE ESCRITÓRIO', '07', 'GRAMPEADORES', NULL),
	(180, '1.2.3.1.1.05.19', 'MÁQUINAS, INSTALAÇÕES E UTENSÍLIOS DE ESCRITÓRIO', '08', 'MÁQUINAS DE CALCULAR', NULL),
	(181, '1.2.3.1.1.05.19', 'MÁQUINAS, INSTALAÇÕES E UTENSÍLIOS DE ESCRITÓRIO', '09', 'MÁQUINAS DE CONTABILIDADE', NULL),
	(182, '1.2.3.1.1.05.19', 'MÁQUINAS, INSTALAÇÕES E UTENSÍLIOS DE ESCRITÓRIO', '10', 'MÁQUINAS DE ESCREVER', NULL),
	(183, '1.2.3.1.1.05.19', 'MÁQUINAS, INSTALAÇÕES E UTENSÍLIOS DE ESCRITÓRIO', '11', 'PANTÓGRAFOS PARA NORMOGRAFOS', NULL),
	(184, '1.2.3.1.1.05.19', 'MÁQUINAS, INSTALAÇÕES E UTENSÍLIOS DE ESCRITÓRIO', '12', 'PERFURADORES DE PAPEL', NULL),
	(185, '1.2.3.1.1.05.19', 'MÁQUINAS, INSTALAÇÕES E UTENSÍLIOS DE ESCRITÓRIO', '13', 'RÉGUA T', NULL),
	(186, '1.2.3.1.1.05.19', 'MÁQUINAS, INSTALAÇÕES E UTENSÍLIOS DE ESCRITÓRIO', '99', 'DIVERSOS (ANEL DE GRAVEZANDE, CAPELA EXAUSTÃO, CHAPA AQUECEDORA, CLIVADOR, COLCHÃO DE AR LINEAR, DILATÔMETRO, BASE RETANGULAR, BICO DE BUNSEN, CANETA LASER, CUBAS DE ONDAS, GUILHOTINA, ESPÁTULA DE INOX, FASIMETRO, ESPCTOFOTÔMETRO, HOMOGENIZADOR, PONT DE PROVA, CINESCÓPIOS, CONJ. DISPARADOR DE PROJÉTEIS, PINÇAS, MANEQUIM SIMULADOR, MICROSCÓPIO, PERFURADOR DE PLACA, PIRÔMETRO)', NULL),
	(187, '1.2.3.1.1.05.20', 'MÁQUINAS, FERRAMENTAS E UTENSÍLIOS DE OFICINA', '01', 'BANCADAS PARA OFICINAS DE TRABALHO', NULL),
	(188, '1.2.3.1.1.05.20', 'MÁQUINAS, FERRAMENTAS E UTENSÍLIOS DE OFICINA', '02', 'DIAMANTE PARA VIDRACEIRO', NULL),
	(189, '1.2.3.1.1.05.20', 'MÁQUINAS, FERRAMENTAS E UTENSÍLIOS DE OFICINA', '03', 'FERRAMENTAS AGRÍCOLAS', NULL),
	(190, '1.2.3.1.1.05.20', 'MÁQUINAS, FERRAMENTAS E UTENSÍLIOS DE OFICINA', '04', 'FERRAMENTAS E UTENSÍLIOS PARA CONSTRUÇÃO CIVIL', NULL),
	(191, '1.2.3.1.1.05.20', 'MÁQUINAS, FERRAMENTAS E UTENSÍLIOS DE OFICINA', '05', 'FERRAMENTAS PARA MINÉRIO', NULL),
	(192, '1.2.3.1.1.05.20', 'MÁQUINAS, FERRAMENTAS E UTENSÍLIOS DE OFICINA', '06', 'FERRAMENTAS PARA TRABALHO DE BARBEIRO', NULL),
	(193, '1.2.3.1.1.05.20', 'MÁQUINAS, FERRAMENTAS E UTENSÍLIOS DE OFICINA', '07', 'FERRAMENTAS PARA TRABALHO EM COURO', NULL),
	(194, '1.2.3.1.1.05.20', 'MÁQUINAS, FERRAMENTAS E UTENSÍLIOS DE OFICINA', '08', 'FERRAMENTAS PARA TRABALHO DE OFICINA DE ALFAIATARIA', NULL),
	(195, '1.2.3.1.1.05.20', 'MÁQUINAS, FERRAMENTAS E UTENSÍLIOS DE OFICINA', '09', 'FERRAMENTAS PARA TRABALHO EM MADEIRAS', NULL),
	(196, '1.2.3.1.1.05.20', 'MÁQUINAS, FERRAMENTAS E UTENSÍLIOS DE OFICINA', '10', 'FERRAMENTAS PARA TRABALHO EM OFICINA MECÂNICA (ALARGADOR DE TUBOS, MICRÔMETROS, GONIÔMETRO)', NULL),
	(197, '1.2.3.1.1.05.20', 'MÁQUINAS, FERRAMENTAS E UTENSÍLIOS DE OFICINA', '11', 'FERRAMENTAS PARA TRABALHO EM OFICINAS DE ENCADERNAÇÃO', NULL),
	(198, '1.2.3.1.1.05.20', 'MÁQUINAS, FERRAMENTAS E UTENSÍLIOS DE OFICINA', '12', 'FERRAMENTAS PARA TRABALHO EM OFICINAS DE FORJA', NULL),
	(199, '1.2.3.1.1.05.20', 'MÁQUINAS, FERRAMENTAS E UTENSÍLIOS DE OFICINA', '13', 'FERRAMENTAS PARA TRABALHO EM OFICINAS DE FUNDIÇÃO', NULL),
	(200, '1.2.3.1.1.05.20', 'MÁQUINAS, FERRAMENTAS E UTENSÍLIOS DE OFICINA', '14', 'FERRAMENTAS PARA TRABALHO EM OFICINAS DE SOLDA (INVERSOR - RETIFICADOR DE SOLDA, MAÇARICO)', NULL),
	(201, '1.2.3.1.1.05.20', 'MÁQUINAS, FERRAMENTAS E UTENSÍLIOS DE OFICINA', '15', 'MATERIAL DE JARDINAGEM - REGADORES, TESOURAS DE PODAR', NULL),
	(202, '1.2.3.1.1.05.20', 'MÁQUINAS, FERRAMENTAS E UTENSÍLIOS DE OFICINA', '16', 'OFICINA DE REFRIGERAÇÃO (MANIFOLD)', NULL),
	(203, '1.2.3.1.1.05.20', 'MÁQUINAS, FERRAMENTAS E UTENSÍLIOS DE OFICINA', '99', 'DIVERSOS (ALAVANCAS, ALICATES, PULVERIZADORES, TORQUÍMETRO, ESQUADRO, FERRO DE SOLDAR, PISTOLA DE PINTURA, SERROTE, CAIXA DE FERRAMENTA)', NULL),
	(204, '1.2.3.1.1.05.21', 'EQUIPAMENTOS E UTENSÍLIOS HIDRÁULICOS E ELÉTRICOS', '01', 'BANCADAS PARA COZINHA (TÉRMICAS E FRIGORÍFICAS)', NULL),
	(205, '1.2.3.1.1.05.21', 'EQUIPAMENTOS E UTENSÍLIOS HIDRÁULICOS E ELÉTRICOS', '02', 'BOMBAS', NULL),
	(206, '1.2.3.1.1.05.21', 'EQUIPAMENTOS E UTENSÍLIOS HIDRÁULICOS E ELÉTRICOS', '03', 'BOMBAS PARA LUBRIFICAÇÃO', NULL),
	(207, '1.2.3.1.1.05.21', 'EQUIPAMENTOS E UTENSÍLIOS HIDRÁULICOS E ELÉTRICOS', '04', 'DIVERSOS', NULL),
	(208, '1.2.3.1.1.05.21', 'EQUIPAMENTOS E UTENSÍLIOS HIDRÁULICOS E ELÉTRICOS', '05', 'MÁQUINAS HIDRÁULICAS', NULL),
	(209, '1.2.3.1.1.05.21', 'EQUIPAMENTOS E UTENSÍLIOS HIDRÁULICOS E ELÉTRICOS', '06', 'MÁQUINAS PNEUMÁTICAS', NULL),
	(210, '1.2.3.1.1.05.21', 'EQUIPAMENTOS E UTENSÍLIOS HIDRÁULICOS E ELÉTRICOS', '07', 'MOTORES TÉRMICOS E ELÉTRICOS', NULL),
	(211, '1.2.3.1.1.05.21', 'EQUIPAMENTOS E UTENSÍLIOS HIDRÁULICOS E ELÉTRICOS', '08', 'PRENSAS', NULL),
	(212, '1.2.3.1.1.05.21', 'EQUIPAMENTOS E UTENSÍLIOS HIDRÁULICOS E ELÉTRICOS', '09', 'PRONTO BOARD', NULL),
	(213, '1.2.3.1.1.05.21', 'EQUIPAMENTOS E UTENSÍLIOS HIDRÁULICOS E ELÉTRICOS', '99', 'DIVERSOS', NULL),
	(214, '1.2.3.1.1.05.22', 'MÁQUINAS E EQUIPAMENTOS AGRÍCOLAS E RODOVIÁRIOS A CADASTRAR', '', '', NULL),
	(215, '1.2.3.1.1.05.23', 'MOBILIÁRIO EM GERAL', '01', 'ARMÁRIOS DE MADEIRAS, AÇO E ESPECIAIS', NULL),
	(216, '1.2.3.1.1.05.23', 'MOBILIÁRIO EM GERAL', '02', 'BALCÕES', NULL),
	(217, '1.2.3.1.1.05.23', 'MOBILIÁRIO EM GERAL', '03', 'BANCOS (ESCOLARES, DE JARDIM)', NULL),
	(218, '1.2.3.1.1.05.23', 'MOBILIÁRIO EM GERAL', '04', 'BIOMBOS', NULL),
	(219, '1.2.3.1.1.05.23', 'MOBILIÁRIO EM GERAL', '05', 'CADEIRAS, POLTRONAS E CADEIRAS UNIVERSITÁRIAS', NULL),
	(220, '1.2.3.1.1.05.23', 'MOBILIÁRIO EM GERAL', '06', 'CARTEIRAS', NULL),
	(221, '1.2.3.1.1.05.23', 'MOBILIÁRIO EM GERAL', '07', 'COLCHÕES', NULL),
	(222, '1.2.3.1.1.05.23', 'MOBILIÁRIO EM GERAL', '08', 'CORTINAS', NULL),
	(223, '1.2.3.1.1.05.23', 'MOBILIÁRIO EM GERAL', '09', 'ESPELHOS', NULL),
	(224, '1.2.3.1.1.05.23', 'MOBILIÁRIO EM GERAL', '10', 'ESTANTES', NULL),
	(225, '1.2.3.1.1.05.23', 'MOBILIÁRIO EM GERAL', '11', 'GRUPOS ESTOFADOS', NULL),
	(226, '1.2.3.1.1.05.23', 'MOBILIÁRIO EM GERAL', '12', 'LUMINÁRIAS', NULL),
	(227, '1.2.3.1.1.05.23', 'MOBILIÁRIO EM GERAL', '13', 'MAPOTECAS', NULL),
	(228, '1.2.3.1.1.05.23', 'MOBILIÁRIO EM GERAL', '14', 'MESAS, CARTEIRAS ESCOLARES', 2),
	(229, '1.2.3.1.1.05.23', 'MOBILIÁRIO EM GERAL', '15', 'PERSIANAS', NULL),
	(230, '1.2.3.1.1.05.23', 'MOBILIÁRIO EM GERAL', '16', 'PORTA GUARDA-CHUVAS', NULL),
	(231, '1.2.3.1.1.05.23', 'MOBILIÁRIO EM GERAL', '17', 'RELÓGIOS (MESA, PAREDE, PONTO)', NULL),
	(232, '1.2.3.1.1.05.23', 'MOBILIÁRIO EM GERAL', '18', 'ROUPEIROS (ARMÁRIOS DE AÇO PARA FUNCIONÁRIO, GUARDA-ROUPA)', NULL),
	(233, '1.2.3.1.1.05.23', 'MOBILIÁRIO EM GERAL', '19', 'TAPETES', NULL),
	(234, '1.2.3.1.1.05.23', 'MOBILIÁRIO EM GERAL', '20', 'VITRINES ESPECIAIS (ARMÁRIO PARA EXPOSIÇÃO DE OBJETOS)', NULL),
	(235, '1.2.3.1.1.05.23', 'MOBILIÁRIO EM GERAL', '99', 'DIVERSOS (TAMBORETES, MASTROS, ABAJOUR, ARQUIVOS DE AÇO, LIXEIRAS, BANCADAS, BANQUETAS, SUPORTE P/ REVISTAS E JORNAIS, SUPORTE P/ GARRAFÃO DE ÁGUA, ESTRADOS EM GERAL, PORTA CARTÕES DE PONTO, GAVETEIRO, QUADRO MURAL, CLAVICULÁRIO, CAMA, GIROVISÃO, PAPELEIRA, CAVALETE, LAVATÓRIOS, QUADRO PARA PILOT, PRANCHETAS PARA DESENHO, CONJUNTO PROFESSOR)', 2),
	(236, '1.2.3.1.1.05.24', 'OBRAS DE ARTE E PEÇAS PARA MUSEU', '01', 'ALFAIAS', NULL),
	(237, '1.2.3.1.1.05.24', 'OBRAS DE ARTE E PEÇAS PARA MUSEU', '02', 'CERÂMICAS', NULL),
	(238, '1.2.3.1.1.05.24', 'OBRAS DE ARTE E PEÇAS PARA MUSEU', '03', 'DOCUMENTOS E OBJETOS HISTÓRICOS', NULL),
	(239, '1.2.3.1.1.05.24', 'OBRAS DE ARTE E PEÇAS PARA MUSEU', '04', 'GRAVURAS', NULL),
	(240, '1.2.3.1.1.05.24', 'OBRAS DE ARTE E PEÇAS PARA MUSEU', '05', 'LOUÇAS', NULL),
	(241, '1.2.3.1.1.05.24', 'OBRAS DE ARTE E PEÇAS PARA MUSEU', '06', 'MARFINS', NULL),
	(242, '1.2.3.1.1.05.24', 'OBRAS DE ARTE E PEÇAS PARA MUSEU', '07', 'MOLDURAS', NULL),
	(243, '1.2.3.1.1.05.24', 'OBRAS DE ARTE E PEÇAS PARA MUSEU', '08', 'PEDESTAIS', NULL),
	(244, '1.2.3.1.1.05.24', 'OBRAS DE ARTE E PEÇAS PARA MUSEU', '09', 'PINACOTECA', NULL),
	(245, '1.2.3.1.1.05.24', 'OBRAS DE ARTE E PEÇAS PARA MUSEU', '10', 'PORCELANAS', NULL),
	(246, '1.2.3.1.1.05.24', 'OBRAS DE ARTE E PEÇAS PARA MUSEU', '11', 'QUADROS', NULL),
	(247, '1.2.3.1.1.05.24', 'OBRAS DE ARTE E PEÇAS PARA MUSEU', '99', 'DIVERSOS', NULL),
	(248, '1.2.3.1.1.05.25', 'SEMOVENTES E EQUIPAMENTOS DE MONTARIA', '01', 'ANIMAIS PARA SELA', NULL),
	(249, '1.2.3.1.1.05.25', 'SEMOVENTES E EQUIPAMENTOS DE MONTARIA', '02', 'ANIMAIS PARA PRODUÇÃO DE LEITE, LÃ, OVOS E PARA REPRODUÇÃO, ENFIM QUE NÃO SE DESTINEM A CORTE OU LABORATÓRIO', NULL),
	(250, '1.2.3.1.1.05.25', 'SEMOVENTES E EQUIPAMENTOS DE MONTARIA', '03', 'ANIMAIS PARA TRAÇÃO', NULL),
	(251, '1.2.3.1.1.05.25', 'SEMOVENTES E EQUIPAMENTOS DE MONTARIA', '99', 'DIVERSOS', NULL),
	(252, '1.2.3.1.1.05.26', 'VEÍCULOS DIVERSOS', '01', 'BICICLETAS', NULL),
	(253, '1.2.3.1.1.05.26', 'VEÍCULOS DIVERSOS', '02', 'CARRINHO DE MÃO', NULL),
	(254, '1.2.3.1.1.05.26', 'VEÍCULOS DIVERSOS', '03', 'CARRO PLATAFORMA, ARMAZÉM', NULL),
	(255, '1.2.3.1.1.05.26', 'VEÍCULOS DIVERSOS', '04', 'CARROÇAS', NULL),
	(256, '1.2.3.1.1.05.26', 'VEÍCULOS DIVERSOS', '05', 'CARROCEIRA P/ AUTOCAMINHÕES E OUTRAS VIATURAS', NULL),
	(257, '1.2.3.1.1.05.26', 'VEÍCULOS DIVERSOS', '06', 'CHARRETES', NULL),
	(258, '1.2.3.1.1.05.26', 'VEÍCULOS DIVERSOS', '07', 'EMPILHADEIRA', NULL),
	(259, '1.2.3.1.1.05.26', 'VEÍCULOS DIVERSOS', '08', 'TANQUES PARA ÁGUA OU PARA COMBUSTÍVEL LÍQUIDOS E QUAISQUER OUTROS EQUIPAMENTOS PARA INSTALAÇÃO EM CHASSIS DE VEÍCULOS DE TRAÇÃO MECÂNICA', NULL),
	(260, '1.2.3.1.1.05.26', 'VEÍCULOS DIVERSOS', '09', 'TRICICLOS', NULL),
	(261, '1.2.3.1.1.05.26', 'VEÍCULOS DIVERSOS', '99', 'DIVERSOS (CARRO PARA BAGAGENS, CARROS ESPECÍFICOS: PARA TRANSPORTE DE CUBAS DE ALIMENTO, PORTA-BANDEJA, LOUÇAS, RECIPIENTES, PORTA-DETRITOS, LIXO, CANTONEIRA)', NULL),
	(262, '1.2.3.1.1.05.27', 'VEÍCULOS FERROVIÁRIOS A CADASTRAR', '', '', NULL),
	(263, '1.2.3.1.1.05.28', 'PEÇAS NÃO INCORPORÁVEIS A IMÓVEIS', '', '', NULL),
	(264, '1.2.3.1.1.05.29', 'VEÍCULOS DE TRAÇÃO MECÂNICA A CADASTRAR', '', '', NULL),
	(265, '1.2.3.1.1.05.30', 'CARROS DE COMBATE A CADASTRAR', '', '', NULL),
	(266, '1.2.3.1.1.05.31', 'EQUIPAMENTOS, PEÇAS E ACESSÓRIOS AERONÁUTICOS', '', '', NULL),
	(267, '1.2.3.1.1.05.32', 'EQUIPAMENTOS, PEÇAS E ACESSÓRIOS DE PROTEÇÃO DE VOO', '', '', NULL),
	(268, '1.2.3.1.1.05.33', 'ACESSÓRIOS PARA AUTOMÓVEIS', '01', 'CONDICIONADOR DE AR', NULL),
	(269, '1.2.3.1.1.05.33', 'ACESSÓRIOS PARA AUTOMÓVEIS', '02', 'RÁDIOS', NULL),
	(270, '1.2.3.1.1.05.33', 'ACESSÓRIOS PARA AUTOMÓVEIS', '03', 'KIT GÁS', NULL),
	(271, '1.2.3.1.1.05.33', 'ACESSÓRIOS PARA AUTOMÓVEIS', '99', 'DIVERSOS', NULL),
	(272, '1.2.3.1.1.05.34', 'EQUIPAMENTOS DE MERGULHO E SALVAMENTO A CADASTRAR', '', '', NULL),
	(273, '1.2.3.1.1.05.35', 'EQUIPAMENTOS, PEÇAS E ACESSÓRIOS MARÍTIMOS', '', '', NULL),
	(274, '1.2.3.1.1.05.36', 'EQUIPAMENTOS E SISTEMAS DE PROTEÇÃO E VIGILÂNCIA AMBIENTAL', '', '', NULL),
	(275, '1.2.3.1.1.05.37', 'MATERIAL DESTINADO AO ACONDICIONAMENTO PARA TRANSPORTE DE OBJETOS E VALORES', '01', 'ARCAS', NULL),
	(276, '1.2.3.1.1.05.37', 'MATERIAL DESTINADO AO ACONDICIONAMENTO PARA TRANSPORTE DE OBJETOS E VALORES', '02', 'BAÚS', NULL),
	(277, '1.2.3.1.1.05.37', 'MATERIAL DESTINADO AO ACONDICIONAMENTO PARA TRANSPORTE DE OBJETOS E VALORES', '03', 'CAIXAS DE EMBALAGENS', NULL),
	(278, '1.2.3.1.1.05.37', 'MATERIAL DESTINADO AO ACONDICIONAMENTO PARA TRANSPORTE DE OBJETOS E VALORES', '04', 'CONTAINERS', NULL),
	(279, '1.2.3.1.1.05.37', 'MATERIAL DESTINADO AO ACONDICIONAMENTO PARA TRANSPORTE DE OBJETOS E VALORES', '05', 'MALAS', NULL),
	(280, '1.2.3.1.1.05.37', 'MATERIAL DESTINADO AO ACONDICIONAMENTO PARA TRANSPORTE DE OBJETOS E VALORES', '06', 'MALETAS', NULL),
	(281, '1.2.3.1.1.05.37', 'MATERIAL DESTINADO AO ACONDICIONAMENTO PARA TRANSPORTE DE OBJETOS E VALORES', '99', 'DIVERSOS', NULL),
	(282, '1.2.3.1.1.05.62', 'MÁQUINAS E EQUIPAMENTOS AGRÍCOLAS E RODOVIÁRIOS', '01', 'ARADOS', NULL),
	(283, '1.2.3.1.1.05.62', 'MÁQUINAS E EQUIPAMENTOS AGRÍCOLAS E RODOVIÁRIOS', '02', 'CARREGADORES', NULL),
	(284, '1.2.3.1.1.05.62', 'MÁQUINAS E EQUIPAMENTOS AGRÍCOLAS E RODOVIÁRIOS', '03', 'COMPACTADORES', NULL),
	(285, '1.2.3.1.1.05.62', 'MÁQUINAS E EQUIPAMENTOS AGRÍCOLAS E RODOVIÁRIOS', '04', 'CONJUNTO DE IGNIÇÃO', NULL),
	(286, '1.2.3.1.1.05.62', 'MÁQUINAS E EQUIPAMENTOS AGRÍCOLAS E RODOVIÁRIOS', '05', 'CULTIVADORES', NULL),
	(287, '1.2.3.1.1.05.62', 'MÁQUINAS E EQUIPAMENTOS AGRÍCOLAS E RODOVIÁRIOS', '06', 'DESINTEGRADORES', NULL),
	(288, '1.2.3.1.1.05.62', 'MÁQUINAS E EQUIPAMENTOS AGRÍCOLAS E RODOVIÁRIOS', '07', 'ESCAVADEIRAS', NULL),
	(289, '1.2.3.1.1.05.62', 'MÁQUINAS E EQUIPAMENTOS AGRÍCOLAS E RODOVIÁRIOS', '08', 'FORNOS E ESTUFAS DE SECAGEM E AMADURECIMENTO', NULL),
	(290, '1.2.3.1.1.05.62', 'MÁQUINAS E EQUIPAMENTOS AGRÍCOLAS E RODOVIÁRIOS', '09', 'GRADES', NULL),
	(291, '1.2.3.1.1.05.62', 'MÁQUINAS E EQUIPAMENTOS AGRÍCOLAS E RODOVIÁRIOS', '10', 'MÁQUINAS DE BENEFICIAMENTO', NULL),
	(292, '1.2.3.1.1.05.62', 'MÁQUINAS E EQUIPAMENTOS AGRÍCOLAS E RODOVIÁRIOS', '11', 'MÁQUINAS DE MOVIMENTAÇÃO DE TERRA (EXCETO OS EQUIPAMENTOS MECÂNICOS PARA ESTRADAS DE RODAGEM', NULL),
	(293, '1.2.3.1.1.05.62', 'MÁQUINAS E EQUIPAMENTOS AGRÍCOLAS E RODOVIÁRIOS', '12', 'MÁQUINAS E MISTURADORAS DE RAÇÃO', NULL),
	(294, '1.2.3.1.1.05.62', 'MÁQUINAS E EQUIPAMENTOS AGRÍCOLAS E RODOVIÁRIOS', '13', 'MOTONIVELADORAS', NULL),
	(295, '1.2.3.1.1.05.62', 'MÁQUINAS E EQUIPAMENTOS AGRÍCOLAS E RODOVIÁRIOS', '14', 'PULVERIZADORES DE TRAÇÃO MECÂNICA OU ANIMAL', NULL),
	(296, '1.2.3.1.1.05.62', 'MÁQUINAS E EQUIPAMENTOS AGRÍCOLAS E RODOVIÁRIOS', '15', 'ROLOS COMPRESSORES', NULL),
	(297, '1.2.3.1.1.05.62', 'MÁQUINAS E EQUIPAMENTOS AGRÍCOLAS E RODOVIÁRIOS', '16', 'SULCADORES', NULL),
	(298, '1.2.3.1.1.05.62', 'MÁQUINAS E EQUIPAMENTOS AGRÍCOLAS E RODOVIÁRIOS', '17', 'TRATORES (LÂMINAS, ESTEIRA)', NULL),
	(299, '1.2.3.1.1.05.62', 'MÁQUINAS E EQUIPAMENTOS AGRÍCOLAS E RODOVIÁRIOS', '18', 'TODO EQUIPAMENTO OU MÁQUINA DESTINADO AO FOMENTO AGROPECUÁRIO À CONSTRUÇÃO, CONVERSAVAÇÃO E REPAROS, MELHORAMENTOS DE VIAS PÚBLICAS E DE RODOVIAS', NULL),
	(300, '1.2.3.1.1.05.62', 'MÁQUINAS E EQUIPAMENTOS AGRÍCOLAS E RODOVIÁRIOS', '19', 'USINAS DE ASFALTO', NULL),
	(301, '1.2.3.1.1.05.62', 'MÁQUINAS E EQUIPAMENTOS AGRÍCOLAS E RODOVIÁRIOS', '99', 'DIVERSOS', NULL),
	(302, '1.2.3.1.1.05.63', 'VEÍCULOS DE TRAÇÃO MECÂNICA', '01', 'AMBULÂNCIAS', NULL),
	(303, '1.2.3.1.1.05.63', 'VEÍCULOS DE TRAÇÃO MECÂNICA', '02', 'AUTOMÓVEIS DE PASSEIO', NULL),
	(304, '1.2.3.1.1.05.63', 'VEÍCULOS DE TRAÇÃO MECÂNICA', '03', 'CAMINHÕES', NULL),
	(305, '1.2.3.1.1.05.63', 'VEÍCULOS DE TRAÇÃO MECÂNICA', '04', 'CAMIONETAS TIPO "PICK UP"', NULL),
	(306, '1.2.3.1.1.05.63', 'VEÍCULOS DE TRAÇÃO MECÂNICA', '05', 'CAMIONETAS TIPO RURAL OU KOMBI', NULL),
	(307, '1.2.3.1.1.05.63', 'VEÍCULOS DE TRAÇÃO MECÂNICA', '06', 'CARRO PARA CORPO DE BOMBEIROS', NULL),
	(308, '1.2.3.1.1.05.63', 'VEÍCULOS DE TRAÇÃO MECÂNICA', '07', 'CARRO PARA LIMPEZA URBANA', NULL),
	(309, '1.2.3.1.1.05.63', 'VEÍCULOS DE TRAÇÃO MECÂNICA', '08', 'CARRO PARA POLÍCIA', NULL),
	(310, '1.2.3.1.1.05.63', 'VEÍCULOS DE TRAÇÃO MECÂNICA', '09', 'CARRO PARA SAÚDE E ASSISTÊNCIA', NULL),
	(311, '1.2.3.1.1.05.63', 'VEÍCULOS DE TRAÇÃO MECÂNICA', '10', 'CARRO-BOMBA', NULL),
	(312, '1.2.3.1.1.05.63', 'VEÍCULOS DE TRAÇÃO MECÂNICA', '11', 'CARRO-PIPA', NULL),
	(313, '1.2.3.1.1.05.63', 'VEÍCULOS DE TRAÇÃO MECÂNICA', '12', 'CONSULTÓRIOS VOLANTES', NULL),
	(314, '1.2.3.1.1.05.63', 'VEÍCULOS DE TRAÇÃO MECÂNICA', '13', 'FURGÕES', NULL),
	(315, '1.2.3.1.1.05.63', 'VEÍCULOS DE TRAÇÃO MECÂNICA', '14', 'JEEPS', NULL),
	(316, '1.2.3.1.1.05.63', 'VEÍCULOS DE TRAÇÃO MECÂNICA', '15', 'LAMBRETAS', NULL),
	(317, '1.2.3.1.1.05.63', 'VEÍCULOS DE TRAÇÃO MECÂNICA', '16', 'MICROONIBUS', NULL),
	(318, '1.2.3.1.1.05.63', 'VEÍCULOS DE TRAÇÃO MECÂNICA', '17', 'MOTOCICLETAS', NULL),
	(319, '1.2.3.1.1.05.63', 'VEÍCULOS DE TRAÇÃO MECÂNICA', '18', 'ÔNIBUS', NULL),
	(320, '1.2.3.1.1.05.63', 'VEÍCULOS DE TRAÇÃO MECÂNICA', '99', 'DIVERSOS', NULL),
	(321, '1.2.3.1.1.05.64', 'VEÍCULOS FERROVIÁRIOS', '', '', NULL),
	(322, '1.2.3.1.1.05.65', 'CARROS DE COMBATE', '', '', NULL),
	(323, '1.2.3.1.1.05.66', 'AERONAVES', '01', 'AVIÕES', NULL),
	(324, '1.2.3.1.1.05.66', 'AERONAVES', '02', 'BALÕES', NULL),
	(325, '1.2.3.1.1.05.66', 'AERONAVES', '03', 'HELICÓPTEROS', NULL),
	(326, '1.2.3.1.1.05.66', 'AERONAVES', '04', 'PLANADORES', NULL),
	(327, '1.2.3.1.1.05.66', 'AERONAVES', '99', 'DIVERSOS', NULL),
	(328, '1.2.3.1.1.05.67', 'EMBARCAÇÕES', '01', 'CANOAS', NULL),
	(329, '1.2.3.1.1.05.67', 'EMBARCAÇÕES', '02', 'CHATAS', NULL),
	(330, '1.2.3.1.1.05.67', 'EMBARCAÇÕES', '03', 'LANCHAS', NULL),
	(331, '1.2.3.1.1.05.67', 'EMBARCAÇÕES', '04', 'NAVIOS', NULL),
	(332, '1.2.3.1.1.05.67', 'EMBARCAÇÕES', '05', 'REBOCADORES', NULL),
	(333, '1.2.3.1.1.05.67', 'EMBARCAÇÕES', '06', 'TRAINEIRAS', NULL),
	(334, '1.2.3.1.1.05.67', 'EMBARCAÇÕES', '07', 'TRANSPORTADORES PARA BARCOS', NULL),
	(335, '1.2.3.1.1.05.67', 'EMBARCAÇÕES', '99', 'DIVERSOS', NULL),
	(336, '1.2.3.1.1.05.68', 'EQUIPAMENTOS DE MERGULHO E SALVAMENTO', '', '', NULL),
	(337, '1.2.3.1.1.05.88', 'CM BENS MÓVEIS LEI 8200/91', '', '', NULL),
	(338, '1.2.3.1.1.05.91', 'BENS MÓVEIS NA ALIENAR', '', '', NULL),
	(339, '1.2.3.1.1.05.93', 'BENS MÓVEIS EM PODER DE TERCEIROS', '', '', NULL),
	(340, '1.2.3.1.1.05.97', 'BENS MÓVEIS A CLASSIFICAR', '', '', NULL),
	(341, '1.2.3.1.1.05.98', 'BENS OBSOLETOS E IMPRESTÁVEIS', '', '', NULL);
/*!40000 ALTER TABLE `cod_class` ENABLE KEYS */;


-- Copiando estrutura para tabela patrimonio2.depreciacao
DROP TABLE IF EXISTS `depreciacao`;
CREATE TABLE IF NOT EXISTS `depreciacao` (
  `iddepreciacao` int(11) NOT NULL AUTO_INCREMENT,
  `valor_depre` float DEFAULT NULL,
  `dt_inicio` date DEFAULT NULL,
  `idcod_class` int(11) NOT NULL,
  PRIMARY KEY (`iddepreciacao`),
  KEY `idcod_class` (`idcod_class`),
  CONSTRAINT `depreciacao_ibfk_1` FOREIGN KEY (`idcod_class`) REFERENCES `cod_class` (`idcod_class`) ON DELETE CASCADE ON UPDATE CASCADE
) ENGINE=InnoDB AUTO_INCREMENT=342 DEFAULT CHARSET=utf8;

-- Copiando dados para a tabela patrimonio2.depreciacao: ~341 rows (aproximadamente)
/*!40000 ALTER TABLE `depreciacao` DISABLE KEYS */;
INSERT INTO `depreciacao` (`iddepreciacao`, `valor_depre`, `dt_inicio`, `idcod_class`) VALUES
	(1, 2, '2018-01-01', 1),
	(2, 3, '2018-01-01', 2),
	(3, 3, '2018-01-01', 3),
	(4, 3, '2018-01-01', 4),
	(5, 3, '2018-01-01', 5),
	(6, 3, '2018-01-01', 6),
	(7, 3, '2018-01-01', 7),
	(8, 3, '2018-01-01', 8),
	(9, 3, '2018-01-01', 9),
	(10, 3, '2018-01-01', 10),
	(11, 3, '2018-01-01', 11),
	(12, 3, '2018-01-01', 12),
	(13, 3, '2018-01-01', 13),
	(14, 3, '2018-01-01', 14),
	(15, 3, '2018-01-01', 15),
	(16, 3, '2018-01-01', 16),
	(17, 3, '2018-01-01', 17),
	(18, 4, '2018-01-01', 18),
	(19, 4, '2018-01-01', 19),
	(20, 4, '2018-01-01', 20),
	(21, 4, '2018-01-01', 21),
	(22, 4, '2018-01-01', 22),
	(23, 4, '2018-01-01', 23),
	(24, 4, '2018-01-01', 24),
	(25, 5, '2018-01-01', 25),
	(26, 5, '2018-01-01', 26),
	(27, 5, '2018-01-01', 27),
	(28, 5, '2018-01-01', 28),
	(29, 5, '2018-01-01', 29),
	(30, 5, '2018-01-01', 30),
	(31, 5, '2018-01-01', 31),
	(32, 5, '2018-01-01', 32),
	(33, 5, '2018-01-01', 33),
	(34, 5, '2018-01-01', 34),
	(35, 5, '2018-01-01', 35),
	(36, 5, '2018-01-01', 36),
	(37, 5, '2018-01-01', 37),
	(38, 5, '2018-01-01', 38),
	(39, 5, '2018-01-01', 39),
	(40, 5, '2018-01-01', 40),
	(41, 5, '2018-01-01', 41),
	(42, 6, '2018-01-01', 42),
	(43, 6, '2018-01-01', 43),
	(44, 6, '2018-01-01', 44),
	(45, 6, '2018-01-01', 45),
	(46, 6, '2018-01-01', 46),
	(47, 6, '2018-01-01', 47),
	(48, 6, '2018-01-01', 48),
	(49, 6, '2018-01-01', 49),
	(50, 6, '2018-01-01', 50),
	(51, 6, '2018-01-01', 51),
	(52, 6, '2018-01-01', 52),
	(53, 6, '2018-01-01', 53),
	(54, 6, '2018-01-01', 54),
	(55, 6, '2018-01-01', 55),
	(56, 6, '2018-01-01', 56),
	(57, 6, '2018-01-01', 57),
	(58, 6, '2018-01-01', 58),
	(59, 6, '2018-01-01', 59),
	(60, 6, '2018-01-01', 60),
	(61, 6, '2018-01-01', 61),
	(62, 6, '2018-01-01', 62),
	(63, 6, '2018-01-01', 63),
	(64, 7, '2018-01-01', 64),
	(65, 7, '2018-01-01', 65),
	(66, 7, '2018-01-01', 66),
	(67, 7, '2018-01-01', 67),
	(68, 7, '2018-01-01', 68),
	(69, 7, '2018-01-01', 69),
	(70, 7, '2018-01-01', 70),
	(71, 7, '2018-01-01', 71),
	(72, 7, '2018-01-01', 72),
	(73, 7, '2018-01-01', 73),
	(74, 7, '2018-01-01', 74),
	(75, 7, '2018-01-01', 75),
	(76, 7, '2018-01-01', 76),
	(77, 7, '2018-01-01', 77),
	(78, 7, '2018-01-01', 78),
	(79, 7, '2018-01-01', 79),
	(80, 7, '2018-01-01', 80),
	(81, 7, '2018-01-01', 81),
	(82, 7, '2018-01-01', 82),
	(83, 7, '2018-01-01', 83),
	(84, 7, '2018-01-01', 84),
	(85, 7, '2018-01-01', 85),
	(86, 7, '2018-01-01', 86),
	(87, 7, '2018-01-01', 87),
	(88, 7, '2018-01-01', 88),
	(89, 7, '2018-01-01', 89),
	(90, 8, '2018-01-01', 90),
	(91, 8, '2018-01-01', 91),
	(92, 9, '2018-01-01', 92),
	(93, 9, '2018-01-01', 93),
	(94, 9, '2018-01-01', 94),
	(95, 9, '2018-01-01', 95),
	(96, 9, '2018-01-01', 96),
	(97, 9, '2018-01-01', 97),
	(98, 9, '2018-01-01', 98),
	(99, 9, '2018-01-01', 99),
	(100, 9, '2018-01-01', 100),
	(101, 9, '2018-01-01', 101),
	(102, 9, '2018-01-01', 102),
	(103, 9, '2018-01-01', 103),
	(104, 9, '2018-01-01', 104),
	(105, 9, '2018-01-01', 105),
	(106, 10, '2018-01-01', 106),
	(107, 10, '2018-01-01', 107),
	(108, 10, '2018-01-01', 108),
	(109, 11, '2018-01-01', 109),
	(110, 12, '2018-01-01', 110),
	(111, 12, '2018-01-01', 111),
	(112, 13, '2018-01-01', 112),
	(113, 13, '2018-01-01', 113),
	(114, 13, '2018-01-01', 114),
	(115, 13, '2018-01-01', 115),
	(116, 14, '2018-01-01', 116),
	(117, 14, '2018-01-01', 117),
	(118, 15, '2018-01-01', 118),
	(119, 15, '2018-01-01', 119),
	(120, 15, '2018-01-01', 120),
	(121, 15, '2018-01-01', 121),
	(122, 15, '2018-01-01', 122),
	(123, 15, '2018-01-01', 123),
	(124, 15, '2018-01-01', 124),
	(125, 15, '2018-01-01', 125),
	(126, 15, '2018-01-01', 126),
	(127, 15, '2018-01-01', 127),
	(128, 15, '2018-01-01', 128),
	(129, 15, '2018-01-01', 129),
	(130, 15, '2018-01-01', 130),
	(131, 15, '2018-01-01', 131),
	(132, 15, '2018-01-01', 132),
	(133, 15, '2018-01-01', 133),
	(134, 15, '2018-01-01', 134),
	(135, 15, '2018-01-01', 135),
	(136, 15, '2018-01-01', 136),
	(137, 15, '2018-01-01', 137),
	(138, 15, '2018-01-01', 138),
	(139, 15, '2018-01-01', 139),
	(140, 15, '2018-01-01', 140),
	(141, 15, '2018-01-01', 141),
	(142, 15, '2018-01-01', 142),
	(143, 16, '2018-01-01', 143),
	(144, 16, '2018-01-01', 144),
	(145, 16, '2018-01-01', 145),
	(146, 16, '2018-01-01', 146),
	(147, 16, '2018-01-01', 147),
	(148, 16, '2018-01-01', 148),
	(149, 17, '2018-01-01', 149),
	(150, 17, '2018-01-01', 150),
	(151, 17, '2018-01-01', 151),
	(152, 17, '2018-01-01', 152),
	(153, 17, '2018-01-01', 153),
	(154, 17, '2018-01-01', 154),
	(155, 18, '2018-01-01', 155),
	(156, 18, '2018-01-01', 156),
	(157, 18, '2018-01-01', 157),
	(158, 18, '2018-01-01', 158),
	(159, 18, '2018-01-01', 159),
	(160, 18, '2018-01-01', 160),
	(161, 18, '2018-01-01', 161),
	(162, 19, '2018-01-01', 162),
	(163, 19, '2018-01-01', 163),
	(164, 19, '2018-01-01', 164),
	(165, 19, '2018-01-01', 165),
	(166, 19, '2018-01-01', 166),
	(167, 19, '2018-01-01', 167),
	(168, 19, '2018-01-01', 168),
	(169, 19, '2018-01-01', 169),
	(170, 19, '2018-01-01', 170),
	(171, 19, '2018-01-01', 171),
	(172, 19, '2018-01-01', 172),
	(173, 20, '2018-01-01', 173),
	(174, 20, '2018-01-01', 174),
	(175, 20, '2018-01-01', 175),
	(176, 20, '2018-01-01', 176),
	(177, 20, '2018-01-01', 177),
	(178, 20, '2018-01-01', 178),
	(179, 20, '2018-01-01', 179),
	(180, 20, '2018-01-01', 180),
	(181, 20, '2018-01-01', 181),
	(182, 20, '2018-01-01', 182),
	(183, 20, '2018-01-01', 183),
	(184, 20, '2018-01-01', 184),
	(185, 20, '2018-01-01', 185),
	(186, 20, '2018-01-01', 186),
	(187, 21, '2018-01-01', 187),
	(188, 21, '2018-01-01', 188),
	(189, 21, '2018-01-01', 189),
	(190, 21, '2018-01-01', 190),
	(191, 21, '2018-01-01', 191),
	(192, 21, '2018-01-01', 192),
	(193, 21, '2018-01-01', 193),
	(194, 21, '2018-01-01', 194),
	(195, 21, '2018-01-01', 195),
	(196, 21, '2018-01-01', 196),
	(197, 21, '2018-01-01', 197),
	(198, 21, '2018-01-01', 198),
	(199, 21, '2018-01-01', 199),
	(200, 21, '2018-01-01', 200),
	(201, 21, '2018-01-01', 201),
	(202, 21, '2018-01-01', 202),
	(203, 21, '2018-01-01', 203),
	(204, 22, '2018-01-01', 204),
	(205, 22, '2018-01-01', 205),
	(206, 22, '2018-01-01', 206),
	(207, 22, '2018-01-01', 207),
	(208, 22, '2018-01-01', 208),
	(209, 22, '2018-01-01', 209),
	(210, 22, '2018-01-01', 210),
	(211, 22, '2018-01-01', 211),
	(212, 22, '2018-01-01', 212),
	(213, 22, '2018-01-01', 213),
	(214, 23, '2018-01-01', 214),
	(215, 24, '2018-01-01', 215),
	(216, 24, '2018-01-01', 216),
	(217, 24, '2018-01-01', 217),
	(218, 24, '2018-01-01', 218),
	(219, 24, '2018-01-01', 219),
	(220, 24, '2018-01-01', 220),
	(221, 24, '2018-01-01', 221),
	(222, 24, '2018-01-01', 222),
	(223, 24, '2018-01-01', 223),
	(224, 24, '2018-01-01', 224),
	(225, 24, '2018-01-01', 225),
	(226, 24, '2018-01-01', 226),
	(227, 24, '2018-01-01', 227),
	(228, 24, '2018-01-01', 228),
	(229, 24, '2018-01-01', 229),
	(230, 24, '2018-01-01', 230),
	(231, 24, '2018-01-01', 231),
	(232, 24, '2018-01-01', 232),
	(233, 24, '2018-01-01', 233),
	(234, 24, '2018-01-01', 234),
	(235, 24, '2018-01-01', 235),
	(236, 25, '2018-01-01', 236),
	(237, 25, '2018-01-01', 237),
	(238, 25, '2018-01-01', 238),
	(239, 25, '2018-01-01', 239),
	(240, 25, '2018-01-01', 240),
	(241, 25, '2018-01-01', 241),
	(242, 25, '2018-01-01', 242),
	(243, 25, '2018-01-01', 243),
	(244, 25, '2018-01-01', 244),
	(245, 25, '2018-01-01', 245),
	(246, 25, '2018-01-01', 246),
	(247, 25, '2018-01-01', 247),
	(248, 26, '2018-01-01', 248),
	(249, 26, '2018-01-01', 249),
	(250, 26, '2018-01-01', 250),
	(251, 26, '2018-01-01', 251),
	(252, 27, '2018-01-01', 252),
	(253, 27, '2018-01-01', 253),
	(254, 27, '2018-01-01', 254),
	(255, 27, '2018-01-01', 255),
	(256, 27, '2018-01-01', 256),
	(257, 27, '2018-01-01', 257),
	(258, 27, '2018-01-01', 258),
	(259, 27, '2018-01-01', 259),
	(260, 27, '2018-01-01', 260),
	(261, 27, '2018-01-01', 261),
	(262, 28, '2018-01-01', 262),
	(263, 29, '2018-01-01', 263),
	(264, 30, '2018-01-01', 264),
	(265, 31, '2018-01-01', 265),
	(266, 32, '2018-01-01', 266),
	(267, 33, '2018-01-01', 267),
	(268, 34, '2018-01-01', 268),
	(269, 34, '2018-01-01', 269),
	(270, 34, '2018-01-01', 270),
	(271, 34, '2018-01-01', 271),
	(272, 35, '2018-01-01', 272),
	(273, 36, '2018-01-01', 273),
	(274, 37, '2018-01-01', 274),
	(275, 38, '2018-01-01', 275),
	(276, 38, '2018-01-01', 276),
	(277, 38, '2018-01-01', 277),
	(278, 38, '2018-01-01', 278),
	(279, 38, '2018-01-01', 279),
	(280, 38, '2018-01-01', 280),
	(281, 38, '2018-01-01', 281),
	(282, 39, '2018-01-01', 282),
	(283, 39, '2018-01-01', 283),
	(284, 39, '2018-01-01', 284),
	(285, 39, '2018-01-01', 285),
	(286, 39, '2018-01-01', 286),
	(287, 39, '2018-01-01', 287),
	(288, 39, '2018-01-01', 288),
	(289, 39, '2018-01-01', 289),
	(290, 39, '2018-01-01', 290),
	(291, 39, '2018-01-01', 291),
	(292, 39, '2018-01-01', 292),
	(293, 39, '2018-01-01', 293),
	(294, 39, '2018-01-01', 294),
	(295, 39, '2018-01-01', 295),
	(296, 39, '2018-01-01', 296),
	(297, 39, '2018-01-01', 297),
	(298, 39, '2018-01-01', 298),
	(299, 39, '2018-01-01', 299),
	(300, 39, '2018-01-01', 300),
	(301, 39, '2018-01-01', 301),
	(302, 40, '2018-01-01', 302),
	(303, 40, '2018-01-01', 303),
	(304, 40, '2018-01-01', 304),
	(305, 40, '2018-01-01', 305),
	(306, 40, '2018-01-01', 306),
	(307, 40, '2018-01-01', 307),
	(308, 40, '2018-01-01', 308),
	(309, 40, '2018-01-01', 309),
	(310, 40, '2018-01-01', 310),
	(311, 40, '2018-01-01', 311),
	(312, 40, '2018-01-01', 312),
	(313, 40, '2018-01-01', 313),
	(314, 40, '2018-01-01', 314),
	(315, 40, '2018-01-01', 315),
	(316, 40, '2018-01-01', 316),
	(317, 40, '2018-01-01', 317),
	(318, 40, '2018-01-01', 318),
	(319, 40, '2018-01-01', 319),
	(320, 40, '2018-01-01', 320),
	(321, 41, '2018-01-01', 321),
	(322, 42, '2018-01-01', 322),
	(323, 43, '2018-01-01', 323),
	(324, 43, '2018-01-01', 324),
	(325, 43, '2018-01-01', 325),
	(326, 43, '2018-01-01', 326),
	(327, 43, '2018-01-01', 327),
	(328, 44, '2018-01-01', 328),
	(329, 44, '2018-01-01', 329),
	(330, 44, '2018-01-01', 330),
	(331, 44, '2018-01-01', 331),
	(332, 44, '2018-01-01', 332),
	(333, 44, '2018-01-01', 333),
	(334, 44, '2018-01-01', 334),
	(335, 44, '2018-01-01', 335),
	(336, 45, '2018-01-01', 336),
	(337, 46, '2018-01-01', 337),
	(338, 47, '2018-01-01', 338),
	(339, 48, '2018-01-01', 339),
	(340, 49, '2018-01-01', 340),
	(341, 50, '2018-01-01', 341);
/*!40000 ALTER TABLE `depreciacao` ENABLE KEYS */;


-- Copiando estrutura para tabela patrimonio2.doacao
DROP TABLE IF EXISTS `doacao`;
CREATE TABLE IF NOT EXISTS `doacao` (
  `iddoacao` int(11) NOT NULL AUTO_INCREMENT,
  `qtde_entdoacao` int(11) DEFAULT NULL,
  `valor_doacao` decimal(10,2) DEFAULT NULL,
  `dt_entdoacao` date DEFAULT NULL,
  `idinstituicao` int(11) NOT NULL,
  `idbem` int(11) NOT NULL,
  PRIMARY KEY (`iddoacao`),
  KEY `doacao_ibfk_1` (`idinstituicao`),
  KEY `doacao_ibfk_2` (`idbem`),
  CONSTRAINT `doacao_ibfk_1` FOREIGN KEY (`idinstituicao`) REFERENCES `instituicao` (`idinstituicao`) ON DELETE CASCADE ON UPDATE CASCADE,
  CONSTRAINT `doacao_ibfk_2` FOREIGN KEY (`idbem`) REFERENCES `bem` (`idbem`) ON DELETE CASCADE ON UPDATE CASCADE
) ENGINE=InnoDB AUTO_INCREMENT=7 DEFAULT CHARSET=utf8;

-- Copiando dados para a tabela patrimonio2.doacao: ~5 rows (aproximadamente)
/*!40000 ALTER TABLE `doacao` DISABLE KEYS */;
INSERT INTO `doacao` (`iddoacao`, `qtde_entdoacao`, `valor_doacao`, `dt_entdoacao`, `idinstituicao`, `idbem`) VALUES
	(1, 1, 450.00, '2012-05-18', 1, 4),
	(2, 1, 789.00, '2012-05-18', 1, 5),
	(3, 1, 700.00, '2012-05-18', 1, 6),
	(4, 3, 369.00, '2017-11-08', 3, 11),
	(5, 2, 458.00, '2018-08-16', 1, 12),
	(6, 1, NULL, '2019-07-10', 6, 28);
/*!40000 ALTER TABLE `doacao` ENABLE KEYS */;


-- Copiando estrutura para tabela patrimonio2.entrada
DROP TABLE IF EXISTS `entrada`;
CREATE TABLE IF NOT EXISTS `entrada` (
  `identrada` int(11) NOT NULL AUTO_INCREMENT,
  `qtde_entcompra` int(11) DEFAULT NULL,
  `valor_ent` decimal(10,2) DEFAULT NULL,
  `idbem` int(11) NOT NULL,
  `idrecibo` int(11) NOT NULL,
  PRIMARY KEY (`identrada`),
  KEY `entrada_ibfk_1` (`idbem`),
  KEY `entrada_ibfk_2` (`idrecibo`),
  CONSTRAINT `entrada_ibfk_1` FOREIGN KEY (`idbem`) REFERENCES `bem` (`idbem`) ON DELETE CASCADE ON UPDATE CASCADE,
  CONSTRAINT `entrada_ibfk_2` FOREIGN KEY (`idrecibo`) REFERENCES `recibo` (`idrecibo`) ON DELETE CASCADE ON UPDATE CASCADE
) ENGINE=InnoDB AUTO_INCREMENT=19 DEFAULT CHARSET=utf8;

-- Copiando dados para a tabela patrimonio2.entrada: ~13 rows (aproximadamente)
/*!40000 ALTER TABLE `entrada` DISABLE KEYS */;
INSERT INTO `entrada` (`identrada`, `qtde_entcompra`, `valor_ent`, `idbem`, `idrecibo`) VALUES
	(1, 1, 762.00, 1, 1),
	(2, 1, 762.00, 2, 2),
	(3, 1, 762.00, 3, 3),
	(4, 1, 319.40, 7, 4),
	(5, 1, 319.40, 8, 5),
	(6, 5, 68.00, 14, 6),
	(7, 1, 376.30, 15, 7),
	(8, 2, 388.00, 16, 8),
	(9, 1, 280.00, 17, 9),
	(10, 2, 15555.22, 21, 10),
	(11, 1, 1500.99, 22, 11),
	(12, 1, 2655.55, 23, 12),
	(13, 1, 2655.55, 24, 13),
	(14, 1, 1544.66, 25, 14),
	(15, 1, 400.58, 26, 15),
	(16, 1, 15555.22, 21, 16),
	(17, 1, 1458.54, 29, 17),
	(18, 1, 451.77, 30, 18);
/*!40000 ALTER TABLE `entrada` ENABLE KEYS */;


-- Copiando estrutura para tabela patrimonio2.historico
DROP TABLE IF EXISTS `historico`;
CREATE TABLE IF NOT EXISTS `historico` (
  `idhistorico` int(11) NOT NULL AUTO_INCREMENT,
  `hist_bem` mediumtext,
  `conservacao` varchar(45) DEFAULT NULL,
  `hist_operacao` mediumtext,
  PRIMARY KEY (`idhistorico`)
) ENGINE=InnoDB AUTO_INCREMENT=40 DEFAULT CHARSET=utf8;

-- Copiando dados para a tabela patrimonio2.historico: ~33 rows (aproximadamente)
/*!40000 ALTER TABLE `historico` DISABLE KEYS */;
INSERT INTO `historico` (`idhistorico`, `hist_bem`, `conservacao`, `hist_operacao`) VALUES
	(1, 'Consertado na data 21/07/2018', 'Ok', 'Bem comprado junto a empresa X'),
	(2, '', 'Ok', 'Bem comprado junto a empresa X'),
	(3, '', 'Ok', 'Bem comprado junto a empresa X'),
	(4, '', 'Ok', 'Bem doado junto a empresa Y'),
	(5, 'Consertado na data 21/07/2018', 'Ok', 'Bem doado junto a empresa Y'),
	(6, '', 'Ok', 'Bem doado junto a empresa Y'),
	(7, 'Consertado na data 21/07/2018', 'Ok', 'Bem comprado junto a empresa A'),
	(8, '', 'Ok', 'Bem comprado junto a empresa A'),
	(9, 'Consertado na data 21/07/2018', '', 'Bem transferido junto a empresa B'),
	(10, '', 'Ok', 'Bem transferido junto a empresa B'),
	(11, '', 'Ok', 'Bem comprado junto a empresa X'),
	(12, '', 'Ok', 'Bem doado junto a empresa X'),
	(13, 'Consertado na data 21/07/2018', 'Ok', 'Bem doado junto a empresa Y'),
	(14, 'Consertado na data 21/07/2018', 'Ok', 'Bem transferido junto a empresa B'),
	(15, '', 'Ok', 'Bem comprado junto a empresa X'),
	(16, 'Consertado na data 21/07/2018', 'Ok', 'Bem comprado junto a empresa X'),
	(17, 'Consertado na data 21/07/2018', 'Ok', 'Bem comprado junto a empresa X'),
	(18, '', 'Ok', 'Bem transferido junto a empresa B'),
	(19, 'Consertado na data 21/07/2018', 'Ok', 'Bem transferido junto a empresa B'),
	(20, '', 'Ok', 'Bem transferido junto a empresa B'),
	(21, '', 'OK', ''),
	(22, NULL, 'OK', NULL),
	(23, NULL, 'OK', NULL),
	(24, NULL, 'OK', NULL),
	(25, NULL, 'OK', NULL),
	(26, NULL, 'OK', NULL),
	(27, NULL, 'OK', NULL),
	(28, NULL, 'OK', NULL),
	(29, NULL, 'OK', NULL),
	(30, '', 'OK', 'Bem comprado  junto a empresa B'),
	(31, '', 'OK', 'Bem comprado junto a empresa B'),
	(32, '', 'OK', 'Bem comprado junto a empresa B'),
	(33, '', 'OK', 'Bem comprado junto a empresa A'),
	(34, '', 'OK', 'Bem comprado junto a empresa X'),
	(35, '', 'OK', 'Bem comprado junto a empresa X'),
	(36, '', 'OK', 'Bem transferido junto a empresa B'),
	(37, '', 'OK', 'Bem comprado junto a empresa A'),
	(38, '', 'OK', 'Bem comprado junto a empresa X'),
	(39, '', 'OK', 'Bem comprado junto a empresa B');
/*!40000 ALTER TABLE `historico` ENABLE KEYS */;


-- Copiando estrutura para tabela patrimonio2.instituicao
DROP TABLE IF EXISTS `instituicao`;
CREATE TABLE IF NOT EXISTS `instituicao` (
  `idinstituicao` int(11) NOT NULL AUTO_INCREMENT,
  `nome_instituicao` varchar(45) DEFAULT NULL,
  `tel_instituicao` varchar(11) DEFAULT NULL,
  `cnpj_instituicao` varchar(18) DEFAULT NULL,
  PRIMARY KEY (`idinstituicao`)
) ENGINE=InnoDB AUTO_INCREMENT=7 DEFAULT CHARSET=utf8;

-- Copiando dados para a tabela patrimonio2.instituicao: ~4 rows (aproximadamente)
/*!40000 ALTER TABLE `instituicao` DISABLE KEYS */;
INSERT INTO `instituicao` (`idinstituicao`, `nome_instituicao`, `tel_instituicao`, `cnpj_instituicao`) VALUES
	(1, 'Empresa Y', '213335247', '7857885'),
	(2, 'Empresa B', '2135434444', '7542233'),
	(3, 'Empresa X', '2144663341', '8524433'),
	(4, 'Empresa A', '2132434434', '6564654'),
	(5, 'Empresa Z', '2133334444', '5464564'),
	(6, 'Empresa B', '2137143488', '147963');
/*!40000 ALTER TABLE `instituicao` ENABLE KEYS */;


-- Copiando estrutura para tabela patrimonio2.localidade
DROP TABLE IF EXISTS `localidade`;
CREATE TABLE IF NOT EXISTS `localidade` (
  `idlocal` int(11) NOT NULL AUTO_INCREMENT,
  `dt_inicio` date DEFAULT NULL,
  `dt_fim` date DEFAULT NULL,
  `idsetor` int(11) NOT NULL,
  `idbem` int(11) NOT NULL,
  `status_local` int(1) DEFAULT NULL,
  PRIMARY KEY (`idlocal`),
  KEY `local_ibfk_1` (`idsetor`),
  KEY `local_ibfk_2` (`idbem`),
  CONSTRAINT `localidade_ibfk_1` FOREIGN KEY (`idsetor`) REFERENCES `setor` (`idsetor`) ON DELETE CASCADE ON UPDATE CASCADE,
  CONSTRAINT `localidade_ibfk_2` FOREIGN KEY (`idbem`) REFERENCES `bem` (`idbem`) ON DELETE CASCADE ON UPDATE CASCADE
) ENGINE=InnoDB AUTO_INCREMENT=24 DEFAULT CHARSET=utf8;

-- Copiando dados para a tabela patrimonio2.localidade: ~21 rows (aproximadamente)
/*!40000 ALTER TABLE `localidade` DISABLE KEYS */;
INSERT INTO `localidade` (`idlocal`, `dt_inicio`, `dt_fim`, `idsetor`, `idbem`, `status_local`) VALUES
	(1, '2010-08-10', NULL, 27, 1, 1),
	(2, '2010-08-11', NULL, 28, 2, 1),
	(3, '2010-08-12', NULL, 29, 3, 1),
	(4, '2012-05-18', NULL, 18, 4, 1),
	(5, '2012-05-18', NULL, 18, 5, 1),
	(6, '2012-05-18', '2019-07-02', 18, 6, 0),
	(7, '2011-01-01', NULL, 13, 7, 1),
	(8, '2011-01-01', NULL, 4, 8, 1),
	(9, '2015-07-15', NULL, 14, 9, 1),
	(10, '2018-05-14', NULL, 15, 10, 1),
	(11, '2017-11-08', NULL, 1, 11, 1),
	(12, '2018-08-16', NULL, 19, 12, 1),
	(13, '2014-06-28', '2019-07-02', 7, 13, 0),
	(14, '2012-03-05', NULL, 12, 14, 1),
	(15, '2012-03-05', NULL, 39, 15, 1),
	(16, '2015-12-01', NULL, 12, 16, 1),
	(17, '2016-07-15', NULL, 35, 17, 1),
	(18, '2017-11-26', NULL, 3, 18, 1),
	(19, '2012-01-30', NULL, 41, 19, 1),
	(20, '2016-12-07', NULL, 8, 20, 1),
	(21, '2016-12-02', NULL, 3, 7, 1),
	(22, '2019-07-02', NULL, 13, 6, 1),
	(23, '2019-07-02', NULL, 17, 13, 1);
/*!40000 ALTER TABLE `localidade` ENABLE KEYS */;


-- Copiando estrutura para tabela patrimonio2.processo_baixa
DROP TABLE IF EXISTS `processo_baixa`;
CREATE TABLE IF NOT EXISTS `processo_baixa` (
  `idprocesso_baixa` int(11) NOT NULL AUTO_INCREMENT,
  `nr_proc` varchar(45) DEFAULT NULL,
  `dt_proc` date DEFAULT NULL,
  PRIMARY KEY (`idprocesso_baixa`)
) ENGINE=InnoDB AUTO_INCREMENT=6 DEFAULT CHARSET=utf8;

-- Copiando dados para a tabela patrimonio2.processo_baixa: ~5 rows (aproximadamente)
/*!40000 ALTER TABLE `processo_baixa` DISABLE KEYS */;
INSERT INTO `processo_baixa` (`idprocesso_baixa`, `nr_proc`, `dt_proc`) VALUES
	(1, '1', '2018-01-30'),
	(2, '2', '2018-01-30'),
	(3, '3', '2018-01-30'),
	(4, '4', '2018-01-30'),
	(5, '5', '2018-01-30');
/*!40000 ALTER TABLE `processo_baixa` ENABLE KEYS */;


-- Copiando estrutura para tabela patrimonio2.recibo
DROP TABLE IF EXISTS `recibo`;
CREATE TABLE IF NOT EXISTS `recibo` (
  `idrecibo` int(11) NOT NULL AUTO_INCREMENT,
  `nr_rec` varchar(45) DEFAULT NULL,
  `dt_rec` date DEFAULT NULL,
  PRIMARY KEY (`idrecibo`)
) ENGINE=InnoDB AUTO_INCREMENT=19 DEFAULT CHARSET=utf8;

-- Copiando dados para a tabela patrimonio2.recibo: ~13 rows (aproximadamente)
/*!40000 ALTER TABLE `recibo` DISABLE KEYS */;
INSERT INTO `recibo` (`idrecibo`, `nr_rec`, `dt_rec`) VALUES
	(1, '166896', '2010-08-10'),
	(2, '263595', '2010-08-11'),
	(3, '353344', '2010-08-12'),
	(4, '457775', '2011-01-01'),
	(5, '555477', '2011-01-01'),
	(6, '655667', '2012-03-05'),
	(7, '764466', '2012-03-05'),
	(8, '867766', '2015-12-01'),
	(9, '967766', '2016-07-15'),
	(10, '456464', '2019-06-12'),
	(11, '213135', '2019-05-30'),
	(12, '855969', '2019-06-12'),
	(13, '855969', '2019-06-12'),
	(14, '478441', '2019-05-16'),
	(15, '874584', '2019-07-23'),
	(16, '456464', '2019-06-12'),
	(17, '254785', '2019-03-14'),
	(18, '455674', '2019-07-12');
/*!40000 ALTER TABLE `recibo` ENABLE KEYS */;


-- Copiando estrutura para tabela patrimonio2.saida
DROP TABLE IF EXISTS `saida`;
CREATE TABLE IF NOT EXISTS `saida` (
  `idsaida` int(11) NOT NULL AUTO_INCREMENT,
  `qtde_saida` int(11) DEFAULT NULL,
  `dt_saida` date DEFAULT NULL,
  `motivo` longtext,
  `idprocesso_baixa` int(11) NOT NULL,
  `idbem` int(11) NOT NULL,
  PRIMARY KEY (`idsaida`),
  KEY `saida_ibfk_1` (`idprocesso_baixa`),
  KEY `saida_ibfk_2` (`idbem`),
  CONSTRAINT `saida_ibfk_1` FOREIGN KEY (`idprocesso_baixa`) REFERENCES `processo_baixa` (`idprocesso_baixa`) ON DELETE CASCADE ON UPDATE CASCADE,
  CONSTRAINT `saida_ibfk_2` FOREIGN KEY (`idbem`) REFERENCES `bem` (`idbem`) ON DELETE CASCADE ON UPDATE CASCADE
) ENGINE=InnoDB AUTO_INCREMENT=4 DEFAULT CHARSET=utf8;

-- Copiando dados para a tabela patrimonio2.saida: ~3 rows (aproximadamente)
/*!40000 ALTER TABLE `saida` DISABLE KEYS */;
INSERT INTO `saida` (`idsaida`, `qtde_saida`, `dt_saida`, `motivo`, `idprocesso_baixa`, `idbem`) VALUES
	(1, 1, '2019-02-02', 'Bem foi danificado e não havia mais conserto', 1, 1),
	(2, 1, '2019-04-30', 'Bem sofreu depreciação total, perdendo seu valor e deverá ser feita a baixa', 2, 7),
	(3, 1, '2018-12-21', 'Bem danificado', 5, 8);
/*!40000 ALTER TABLE `saida` ENABLE KEYS */;


-- Copiando estrutura para tabela patrimonio2.setor
DROP TABLE IF EXISTS `setor`;
CREATE TABLE IF NOT EXISTS `setor` (
  `idsetor` int(11) NOT NULL AUTO_INCREMENT,
  `nome_setor` varchar(45) DEFAULT NULL,
  `categoria_setor` varchar(70) DEFAULT NULL,
  PRIMARY KEY (`idsetor`)
) ENGINE=InnoDB AUTO_INCREMENT=44 DEFAULT CHARSET=utf8;

-- Copiando dados para a tabela patrimonio2.setor: ~43 rows (aproximadamente)
/*!40000 ALTER TABLE `setor` DISABLE KEYS */;
INSERT INTO `setor` (`idsetor`, `nome_setor`, `categoria_setor`) VALUES
	(1, 'Biblioteca', 'Administrativo'),
	(2, 'Coordenação de Turno', 'Administrativo'),
	(3, 'Coordenação Técnica', 'Administrativo'),
	(4, 'Direção', 'Administrativo'),
	(5, 'Gestão', 'Administrativo'),
	(6, 'Orientação', 'Administrativo'),
	(7, 'Patrimônio', 'Administrativo'),
	(8, 'Recursos Humanos', 'Administrativo'),
	(9, 'Secretaria', 'Administrativo'),
	(10, 'Setor de Estágio', 'Administrativo'),
	(11, 'Supervisão', 'Administrativo'),
	(12, 'Suporte', 'Laboratório de Informática'),
	(13, 'Laboratório A', 'Laboratório de Informática'),
	(14, 'Laboratório B', 'Laboratório de Informática'),
	(15, 'Laboratório C', 'Laboratório de Informática'),
	(16, 'Laboratório D', 'Laboratório de Informática'),
	(17, 'Laboratório G', 'Laboratório de Informática'),
	(18, 'Laboratório de Análises Clínicas', 'Labóratório de Análises Clínicas'),
	(19, 'Sala 1', 'Salas de Aula'),
	(20, 'Sala 2', 'Salas de Aula'),
	(21, 'Sala 3', 'Salas de Aula'),
	(22, 'Sala 4', 'Salas de Aula'),
	(23, 'Sala 5', 'Salas de Aula'),
	(24, 'Sala 6', 'Salas de Aula'),
	(25, 'Sala 7', 'Salas de Aula'),
	(26, 'Sala 8', 'Salas de Aula'),
	(27, 'Sala 9', 'Salas de Aula'),
	(28, 'Sala 10', 'Salas de Aula'),
	(29, 'Sala 11', 'Salas de Aula'),
	(30, 'Sala 12', 'Salas de Aula'),
	(31, 'Sala 13', 'Salas de Aula'),
	(32, 'Sala 14', 'Salas de Aula'),
	(33, 'Sala 15', 'Salas de Aula'),
	(34, 'Sala 16', 'Salas de Aula'),
	(35, 'Sala Multimídia', 'Salas de Aula'),
	(36, 'Auditório', 'Salas de Aula'),
	(37, 'Pátio', 'Diversos'),
	(38, 'Corredor', 'Diversos'),
	(39, 'Banheiros', 'Diversos'),
	(40, 'Diversos', 'Diversos'),
	(41, 'Sala de Manutenção', 'Diversos'),
	(42, 'Cozinha', 'Diversos'),
	(43, 'Baixa', 'Baixa');
/*!40000 ALTER TABLE `setor` ENABLE KEYS */;


-- Copiando estrutura para tabela patrimonio2.transferencia
DROP TABLE IF EXISTS `transferencia`;
CREATE TABLE IF NOT EXISTS `transferencia` (
  `idtransf` int(11) NOT NULL AUTO_INCREMENT,
  `qtde_ent_trans` int(11) DEFAULT NULL,
  `valor_transf` decimal(10,2) DEFAULT NULL,
  `dt_ent_trans` date DEFAULT NULL,
  `idinstituicao` int(11) NOT NULL,
  `idbem` int(11) NOT NULL,
  PRIMARY KEY (`idtransf`),
  KEY `transferencia_ibfk_1` (`idinstituicao`),
  KEY `transferencia_ibfk_2` (`idbem`),
  CONSTRAINT `transferencia_ibfk_1` FOREIGN KEY (`idinstituicao`) REFERENCES `instituicao` (`idinstituicao`) ON DELETE CASCADE ON UPDATE CASCADE,
  CONSTRAINT `transferencia_ibfk_2` FOREIGN KEY (`idbem`) REFERENCES `bem` (`idbem`) ON DELETE CASCADE ON UPDATE CASCADE
) ENGINE=InnoDB AUTO_INCREMENT=12 DEFAULT CHARSET=utf8;

-- Copiando dados para a tabela patrimonio2.transferencia: ~10 rows (aproximadamente)
/*!40000 ALTER TABLE `transferencia` DISABLE KEYS */;
INSERT INTO `transferencia` (`idtransf`, `qtde_ent_trans`, `valor_transf`, `dt_ent_trans`, `idinstituicao`, `idbem`) VALUES
	(1, 1, 1500.00, '2015-07-15', 2, 9),
	(2, 1, 879.00, '2018-05-14', 2, 10),
	(3, 1, 788.00, '2014-06-28', 2, 13),
	(4, 1, 700.00, '2017-11-26', 2, 18),
	(5, 2, 698.00, '2012-01-30', 2, 19),
	(6, 2, 528.00, '2016-12-07', 2, 20),
	(7, 2, 458.00, '2015-07-15', 2, 9),
	(8, 1, 423.00, '2015-07-15', 2, 9),
	(9, 5, 5879.00, '2015-07-15', 2, 9),
	(10, 1, 5478.00, '2015-07-15', 2, 9),
	(11, 1, NULL, '2019-03-14', 5, 27);
/*!40000 ALTER TABLE `transferencia` ENABLE KEYS */;


-- Copiando estrutura para tabela patrimonio2.usuario
DROP TABLE IF EXISTS `usuario`;
CREATE TABLE IF NOT EXISTS `usuario` (
  `idusuario` int(11) NOT NULL AUTO_INCREMENT,
  `nome_usuario` varchar(50) DEFAULT NULL,
  `sobrenome` varchar(70) DEFAULT NULL,
  `nivel_usuario` char(1) DEFAULT NULL,
  `tel_usuario` varchar(10) DEFAULT NULL,
  `cel_usuario` varchar(11) DEFAULT NULL,
  `status_usuario` int(1) DEFAULT NULL,
  `cpf_usuario` varchar(14) DEFAULT NULL,
  `senha` varchar(45) DEFAULT NULL COMMENT 'Senha 123 ou 12345678',
  `email` varchar(70) DEFAULT NULL,
  `dt_usuario` date DEFAULT NULL,
  PRIMARY KEY (`idusuario`)
) ENGINE=InnoDB AUTO_INCREMENT=9 DEFAULT CHARSET=utf8;

-- Copiando dados para a tabela patrimonio2.usuario: ~8 rows (aproximadamente)
/*!40000 ALTER TABLE `usuario` DISABLE KEYS */;
INSERT INTO `usuario` (`idusuario`, `nome_usuario`, `sobrenome`, `nivel_usuario`, `tel_usuario`, `cel_usuario`, `status_usuario`, `cpf_usuario`, `senha`, `email`, `dt_usuario`) VALUES
	(1, 'Mário Sérgio', 'da Fonseca Mendes', '1', '2130168462', '21983808664', 1, '95896259085', '25f9e794323b453885f5181f1b624d0b', 'mario@gmail.com', '2019-05-26'),
	(2, 'Thiago', 'Santos Viana', '1', '2133333333', '21999999999', 1, '87894507016', '25f9e794323b453885f5181f1b624d0b', 'thiago@gmail.com', '2019-05-26'),
	(3, 'Caio Fellipe', 'Dos Santos', '3', '2144444444', '21888888888', 1, '83695992069', '25f9e794323b453885f5181f1b624d0b', 'caio@gmail.com', '2019-05-26'),
	(4, 'Fabricio', 'Salema', '3', '2155555555', '21777777777', 1, '92169036008', '25f9e794323b453885f5181f1b624d0b', 'fabricio@gmail.com', '2019-05-26'),
	(5, 'Davis', 'Freitas', '1', '2133332222', '21999988888', 1, '11152001000', '25f9e794323b453885f5181f1b624d0b', 'davis@gmail.com', '2019-05-26'),
	(6, 'Acran', 'Laureano', '2', '2133223322', '21888899999', 1, '89663347090', '25f9e794323b453885f5181f1b624d0b', 'acran@gmail.com', '2019-05-26'),
	(7, 'Thiago', 'Nery', '3', '2133334444', '21999977777', 0, '92421896002', '25f9e794323b453885f5181f1b624d0b', 'nery@gmail.com', '2019-05-26'),
	(8, 'Rodolfo', 'Paolucci', '1', '2133335555', '21999944444', 1, '33413879006', '25f9e794323b453885f5181f1b624d0b', 'rodolfo@gmail.com', '2019-05-26');
/*!40000 ALTER TABLE `usuario` ENABLE KEYS */;
/*!40101 SET SQL_MODE=IFNULL(@OLD_SQL_MODE, '') */;
/*!40014 SET FOREIGN_KEY_CHECKS=IF(@OLD_FOREIGN_KEY_CHECKS IS NULL, 1, @OLD_FOREIGN_KEY_CHECKS) */;
/*!40101 SET CHARACTER_SET_CLIENT=@OLD_CHARACTER_SET_CLIENT */;
